USE [master]
GO
/****** Object:  Database [SanitationEquipment]    Script Date: 10/22/2023 3:41:13 PM ******/
CREATE DATABASE [SanitationEquipment]
 CONTAINMENT = NONE
 ON  PRIMARY 
( NAME = N'SanitationEquipment', FILENAME = N'C:\Program Files\Microsoft SQL Server\MSSQL15.MINH\MSSQL\DATA\SanitationEquipment.mdf' , SIZE = 8192KB , MAXSIZE = UNLIMITED, FILEGROWTH = 65536KB )
 LOG ON 
( NAME = N'SanitationEquipment_log', FILENAME = N'C:\Program Files\Microsoft SQL Server\MSSQL15.MINH\MSSQL\DATA\SanitationEquipment_log.ldf' , SIZE = 8192KB , MAXSIZE = 2048GB , FILEGROWTH = 65536KB )
 WITH CATALOG_COLLATION = DATABASE_DEFAULT
GO
ALTER DATABASE [SanitationEquipment] SET COMPATIBILITY_LEVEL = 150
GO
IF (1 = FULLTEXTSERVICEPROPERTY('IsFullTextInstalled'))
begin
EXEC [SanitationEquipment].[dbo].[sp_fulltext_database] @action = 'enable'
end
GO
ALTER DATABASE [SanitationEquipment] SET ANSI_NULL_DEFAULT OFF 
GO
ALTER DATABASE [SanitationEquipment] SET ANSI_NULLS OFF 
GO
ALTER DATABASE [SanitationEquipment] SET ANSI_PADDING OFF 
GO
ALTER DATABASE [SanitationEquipment] SET ANSI_WARNINGS OFF 
GO
ALTER DATABASE [SanitationEquipment] SET ARITHABORT OFF 
GO
ALTER DATABASE [SanitationEquipment] SET AUTO_CLOSE ON 
GO
ALTER DATABASE [SanitationEquipment] SET AUTO_SHRINK OFF 
GO
ALTER DATABASE [SanitationEquipment] SET AUTO_UPDATE_STATISTICS ON 
GO
ALTER DATABASE [SanitationEquipment] SET CURSOR_CLOSE_ON_COMMIT OFF 
GO
ALTER DATABASE [SanitationEquipment] SET CURSOR_DEFAULT  GLOBAL 
GO
ALTER DATABASE [SanitationEquipment] SET CONCAT_NULL_YIELDS_NULL OFF 
GO
ALTER DATABASE [SanitationEquipment] SET NUMERIC_ROUNDABORT OFF 
GO
ALTER DATABASE [SanitationEquipment] SET QUOTED_IDENTIFIER OFF 
GO
ALTER DATABASE [SanitationEquipment] SET RECURSIVE_TRIGGERS OFF 
GO
ALTER DATABASE [SanitationEquipment] SET  ENABLE_BROKER 
GO
ALTER DATABASE [SanitationEquipment] SET AUTO_UPDATE_STATISTICS_ASYNC OFF 
GO
ALTER DATABASE [SanitationEquipment] SET DATE_CORRELATION_OPTIMIZATION OFF 
GO
ALTER DATABASE [SanitationEquipment] SET TRUSTWORTHY OFF 
GO
ALTER DATABASE [SanitationEquipment] SET ALLOW_SNAPSHOT_ISOLATION OFF 
GO
ALTER DATABASE [SanitationEquipment] SET PARAMETERIZATION SIMPLE 
GO
ALTER DATABASE [SanitationEquipment] SET READ_COMMITTED_SNAPSHOT OFF 
GO
ALTER DATABASE [SanitationEquipment] SET HONOR_BROKER_PRIORITY OFF 
GO
ALTER DATABASE [SanitationEquipment] SET RECOVERY SIMPLE 
GO
ALTER DATABASE [SanitationEquipment] SET  MULTI_USER 
GO
ALTER DATABASE [SanitationEquipment] SET PAGE_VERIFY CHECKSUM  
GO
ALTER DATABASE [SanitationEquipment] SET DB_CHAINING OFF 
GO
ALTER DATABASE [SanitationEquipment] SET FILESTREAM( NON_TRANSACTED_ACCESS = OFF ) 
GO
ALTER DATABASE [SanitationEquipment] SET TARGET_RECOVERY_TIME = 60 SECONDS 
GO
ALTER DATABASE [SanitationEquipment] SET DELAYED_DURABILITY = DISABLED 
GO
ALTER DATABASE [SanitationEquipment] SET ACCELERATED_DATABASE_RECOVERY = OFF  
GO
ALTER DATABASE [SanitationEquipment] SET QUERY_STORE = OFF
GO
USE [SanitationEquipment]
GO
/****** Object:  Table [dbo].[Brands]    Script Date: 10/22/2023 3:41:13 PM ******/
SET ANSI_NULLS ON
GO
SET QUOTED_IDENTIFIER ON
GO
CREATE TABLE [dbo].[Brands](
	[brand_id] [bigint] IDENTITY(1,1) NOT NULL,
	[code] [varchar](16) NULL,
	[name] [nvarchar](255) NULL,
	[logo] [varchar](max) NULL,
	[status] [bit] NOT NULL,
	[created_at] [datetime] NULL,
	[created_by] [bigint] NULL,
	[modified_at] [datetime] NULL,
	[modified_by] [bigint] NULL,
PRIMARY KEY CLUSTERED 
(
	[brand_id] ASC
)WITH (PAD_INDEX = OFF, STATISTICS_NORECOMPUTE = OFF, IGNORE_DUP_KEY = OFF, ALLOW_ROW_LOCKS = ON, ALLOW_PAGE_LOCKS = ON, OPTIMIZE_FOR_SEQUENTIAL_KEY = OFF) ON [PRIMARY]
) ON [PRIMARY] TEXTIMAGE_ON [PRIMARY]
GO
/****** Object:  Table [dbo].[Categories]    Script Date: 10/22/2023 3:41:13 PM ******/
SET ANSI_NULLS ON
GO
SET QUOTED_IDENTIFIER ON
GO
CREATE TABLE [dbo].[Categories](
	[cate_id] [bigint] IDENTITY(1,1) NOT NULL,
	[parent_id] [bigint] NULL,
	[code] [varchar](255) NULL,
	[cate] [nvarchar](250) NULL,
	[url] [varchar](250) NULL,
	[status] [bit] NOT NULL,
	[created_at] [datetime] NULL,
	[created_by] [bigint] NULL,
	[modified_at] [datetime] NULL,
	[modified_by] [bigint] NULL,
PRIMARY KEY CLUSTERED 
(
	[cate_id] ASC
)WITH (PAD_INDEX = OFF, STATISTICS_NORECOMPUTE = OFF, IGNORE_DUP_KEY = OFF, ALLOW_ROW_LOCKS = ON, ALLOW_PAGE_LOCKS = ON, OPTIMIZE_FOR_SEQUENTIAL_KEY = OFF) ON [PRIMARY]
) ON [PRIMARY]
GO
/****** Object:  Table [dbo].[Comments]    Script Date: 10/22/2023 3:41:13 PM ******/
SET ANSI_NULLS ON
GO
SET QUOTED_IDENTIFIER ON
GO
CREATE TABLE [dbo].[Comments](
	[comment_id] [bigint] IDENTITY(1,1) NOT NULL,
	[product_id] [bigint] NULL,
	[code] [varchar](255) NULL,
	[email] [varchar](100) NULL,
	[name] [nvarchar](255) NULL,
	[content] [nvarchar](1500) NULL,
	[rating_star] [int] NULL,
	[status] [bit] NOT NULL,
	[created_at] [datetime] NULL,
	[created_by] [bigint] NULL,
	[modified_at] [datetime] NULL,
	[modified_by] [bigint] NULL,
PRIMARY KEY CLUSTERED 
(
	[comment_id] ASC
)WITH (PAD_INDEX = OFF, STATISTICS_NORECOMPUTE = OFF, IGNORE_DUP_KEY = OFF, ALLOW_ROW_LOCKS = ON, ALLOW_PAGE_LOCKS = ON, OPTIMIZE_FOR_SEQUENTIAL_KEY = OFF) ON [PRIMARY]
) ON [PRIMARY]
GO
/****** Object:  Table [dbo].[ContactUs]    Script Date: 10/22/2023 3:41:13 PM ******/
SET ANSI_NULLS ON
GO
SET QUOTED_IDENTIFIER ON
GO
CREATE TABLE [dbo].[ContactUs](
	[contact_id] [bigint] IDENTITY(1,1) NOT NULL,
	[code] [varchar](16) NULL,
	[name] [nvarchar](255) NULL,
	[email] [varchar](100) NULL,
	[message] [ntext] NULL,
	[status] [bit] NOT NULL,
	[created_at] [datetime] NULL,
	[created_by] [bigint] NULL,
	[modified_at] [datetime] NULL,
	[modified_by] [bigint] NULL,
PRIMARY KEY CLUSTERED 
(
	[contact_id] ASC
)WITH (PAD_INDEX = OFF, STATISTICS_NORECOMPUTE = OFF, IGNORE_DUP_KEY = OFF, ALLOW_ROW_LOCKS = ON, ALLOW_PAGE_LOCKS = ON, OPTIMIZE_FOR_SEQUENTIAL_KEY = OFF) ON [PRIMARY]
) ON [PRIMARY] TEXTIMAGE_ON [PRIMARY]
GO
/****** Object:  Table [dbo].[Customers]    Script Date: 10/22/2023 3:41:13 PM ******/
SET ANSI_NULLS ON
GO
SET QUOTED_IDENTIFIER ON
GO
CREATE TABLE [dbo].[Customers](
	[customer_id] [bigint] IDENTITY(1,1) NOT NULL,
	[code] [varchar](255) NULL,
	[name] [nvarchar](255) NULL,
	[gender] [bit] NULL,
	[email] [varchar](180) NULL,
	[phone_number] [varchar](16) NULL,
	[password] [varchar](100) NULL,
	[status] [bit] NOT NULL,
	[created_at] [datetime] NULL,
	[created_by] [bigint] NULL,
	[modified_at] [datetime] NULL,
	[modified_by] [bigint] NULL,
PRIMARY KEY CLUSTERED 
(
	[customer_id] ASC
)WITH (PAD_INDEX = OFF, STATISTICS_NORECOMPUTE = OFF, IGNORE_DUP_KEY = OFF, ALLOW_ROW_LOCKS = ON, ALLOW_PAGE_LOCKS = ON, OPTIMIZE_FOR_SEQUENTIAL_KEY = OFF) ON [PRIMARY]
) ON [PRIMARY]
GO
/****** Object:  Table [dbo].[News]    Script Date: 10/22/2023 3:41:13 PM ******/
SET ANSI_NULLS ON
GO
SET QUOTED_IDENTIFIER ON
GO
CREATE TABLE [dbo].[News](
	[news_id] [bigint] IDENTITY(1,1) NOT NULL,
	[newsgroup_id] [bigint] NULL,
	[code] [varchar](255) NULL,
	[title] [nvarchar](255) NULL,
	[short_description] [nvarchar](1000) NULL,
	[description] [ntext] NULL,
	[view] [bigint] NULL,
	[url] [varchar](255) NULL,
	[status] [bit] NOT NULL,
	[created_at] [datetime] NULL,
	[created_by] [bigint] NULL,
	[modified_at] [datetime] NULL,
	[modified_by] [bigint] NULL,
PRIMARY KEY CLUSTERED 
(
	[news_id] ASC
)WITH (PAD_INDEX = OFF, STATISTICS_NORECOMPUTE = OFF, IGNORE_DUP_KEY = OFF, ALLOW_ROW_LOCKS = ON, ALLOW_PAGE_LOCKS = ON, OPTIMIZE_FOR_SEQUENTIAL_KEY = OFF) ON [PRIMARY]
) ON [PRIMARY] TEXTIMAGE_ON [PRIMARY]
GO
/****** Object:  Table [dbo].[NewsGroups]    Script Date: 10/22/2023 3:41:13 PM ******/
SET ANSI_NULLS ON
GO
SET QUOTED_IDENTIFIER ON
GO
CREATE TABLE [dbo].[NewsGroups](
	[newsgroup_id] [bigint] IDENTITY(1,1) NOT NULL,
	[parent_id] [bigint] NULL,
	[code] [varchar](16) NULL,
	[newsgroup_name] [nvarchar](255) NULL,
	[url] [varchar](255) NULL,
	[status] [bit] NOT NULL,
	[created_at] [datetime] NULL,
	[created_by] [bigint] NULL,
	[modified_at] [datetime] NULL,
	[modified_by] [bigint] NULL,
PRIMARY KEY CLUSTERED 
(
	[newsgroup_id] ASC
)WITH (PAD_INDEX = OFF, STATISTICS_NORECOMPUTE = OFF, IGNORE_DUP_KEY = OFF, ALLOW_ROW_LOCKS = ON, ALLOW_PAGE_LOCKS = ON, OPTIMIZE_FOR_SEQUENTIAL_KEY = OFF) ON [PRIMARY]
) ON [PRIMARY]
GO
/****** Object:  Table [dbo].[NewsImages]    Script Date: 10/22/2023 3:41:13 PM ******/
SET ANSI_NULLS ON
GO
SET QUOTED_IDENTIFIER ON
GO
CREATE TABLE [dbo].[NewsImages](
	[image_id] [bigint] IDENTITY(1,1) NOT NULL,
	[news_id] [bigint] NULL,
	[code] [varchar](255) NULL,
	[image] [varchar](max) NULL,
	[level] [int] NULL,
	[status] [bit] NOT NULL,
	[created_at] [datetime] NULL,
	[created_by] [bigint] NULL,
	[modified_at] [datetime] NULL,
	[modified_by] [bigint] NULL,
PRIMARY KEY CLUSTERED 
(
	[image_id] ASC
)WITH (PAD_INDEX = OFF, STATISTICS_NORECOMPUTE = OFF, IGNORE_DUP_KEY = OFF, ALLOW_ROW_LOCKS = ON, ALLOW_PAGE_LOCKS = ON, OPTIMIZE_FOR_SEQUENTIAL_KEY = OFF) ON [PRIMARY]
) ON [PRIMARY] TEXTIMAGE_ON [PRIMARY]
GO
/****** Object:  Table [dbo].[OrderDetails]    Script Date: 10/22/2023 3:41:13 PM ******/
SET ANSI_NULLS ON
GO
SET QUOTED_IDENTIFIER ON
GO
CREATE TABLE [dbo].[OrderDetails](
	[orderdetail_id] [bigint] IDENTITY(1,1) NOT NULL,
	[order_id] [bigint] NULL,
	[product_id] [bigint] NULL,
	[code] [varchar](255) NULL,
	[quantity] [int] NULL,
	[unitprice] [float] NULL,
	[status] [bit] NOT NULL,
	[created_at] [datetime] NULL,
	[created_by] [bigint] NULL,
	[modified_at] [datetime] NULL,
	[modified_by] [bigint] NULL,
PRIMARY KEY CLUSTERED 
(
	[orderdetail_id] ASC
)WITH (PAD_INDEX = OFF, STATISTICS_NORECOMPUTE = OFF, IGNORE_DUP_KEY = OFF, ALLOW_ROW_LOCKS = ON, ALLOW_PAGE_LOCKS = ON, OPTIMIZE_FOR_SEQUENTIAL_KEY = OFF) ON [PRIMARY]
) ON [PRIMARY]
GO
/****** Object:  Table [dbo].[Orders]    Script Date: 10/22/2023 3:41:13 PM ******/
SET ANSI_NULLS ON
GO
SET QUOTED_IDENTIFIER ON
GO
CREATE TABLE [dbo].[Orders](
	[order_id] [bigint] IDENTITY(1,1) NOT NULL,
	[customer_id] [bigint] NULL,
	[user_id] [bigint] NULL,
	[code] [varchar](255) NULL,
	[address] [nvarchar](500) NULL,
	[total] [float] NULL,
	[state] [int] NOT NULL,
	[payment] [bit] NULL,
	[status] [bit] NOT NULL,
	[created_at] [datetime] NULL,
	[created_by] [bigint] NULL,
	[modified_at] [datetime] NULL,
	[modified_by] [bigint] NULL,
PRIMARY KEY CLUSTERED 
(
	[order_id] ASC
)WITH (PAD_INDEX = OFF, STATISTICS_NORECOMPUTE = OFF, IGNORE_DUP_KEY = OFF, ALLOW_ROW_LOCKS = ON, ALLOW_PAGE_LOCKS = ON, OPTIMIZE_FOR_SEQUENTIAL_KEY = OFF) ON [PRIMARY]
) ON [PRIMARY]
GO
/****** Object:  Table [dbo].[ProductImages]    Script Date: 10/22/2023 3:41:13 PM ******/
SET ANSI_NULLS ON
GO
SET QUOTED_IDENTIFIER ON
GO
CREATE TABLE [dbo].[ProductImages](
	[image_id] [bigint] IDENTITY(1,1) NOT NULL,
	[product_id] [bigint] NOT NULL,
	[code] [varchar](255) NULL,
	[image] [varchar](max) NULL,
	[level] [int] NULL,
	[status] [bit] NULL,
	[created_at] [datetime] NULL,
	[created_by] [bigint] NULL,
	[modified_at] [datetime] NULL,
	[modified_by] [bigint] NULL,
PRIMARY KEY CLUSTERED 
(
	[image_id] ASC
)WITH (PAD_INDEX = OFF, STATISTICS_NORECOMPUTE = OFF, IGNORE_DUP_KEY = OFF, ALLOW_ROW_LOCKS = ON, ALLOW_PAGE_LOCKS = ON, OPTIMIZE_FOR_SEQUENTIAL_KEY = OFF) ON [PRIMARY]
) ON [PRIMARY] TEXTIMAGE_ON [PRIMARY]
GO
/****** Object:  Table [dbo].[Products]    Script Date: 10/22/2023 3:41:13 PM ******/
SET ANSI_NULLS ON
GO
SET QUOTED_IDENTIFIER ON
GO
CREATE TABLE [dbo].[Products](
	[product_id] [bigint] IDENTITY(1,1) NOT NULL,
	[cate_id] [bigint] NULL,
	[brand_id] [bigint] NULL,
	[code] [varchar](255) NULL,
	[name] [nvarchar](500) NULL,
	[url] [varchar](500) NULL,
	[shortdescript] [nvarchar](500) NULL,
	[description] [nvarchar](max) NULL,
	[rating_star] [float] NULL,
	[price] [float] NULL,
	[out_of_stock] [bit] NOT NULL,
	[status] [bit] NOT NULL,
	[created_at] [datetime] NULL,
	[created_by] [bigint] NULL,
	[modified_at] [datetime] NULL,
	[modified_by] [bigint] NULL,
PRIMARY KEY CLUSTERED 
(
	[product_id] ASC
)WITH (PAD_INDEX = OFF, STATISTICS_NORECOMPUTE = OFF, IGNORE_DUP_KEY = OFF, ALLOW_ROW_LOCKS = ON, ALLOW_PAGE_LOCKS = ON, OPTIMIZE_FOR_SEQUENTIAL_KEY = OFF) ON [PRIMARY]
) ON [PRIMARY] TEXTIMAGE_ON [PRIMARY]
GO
/****** Object:  Table [dbo].[Products_ProductTags]    Script Date: 10/22/2023 3:41:13 PM ******/
SET ANSI_NULLS ON
GO
SET QUOTED_IDENTIFIER ON
GO
CREATE TABLE [dbo].[Products_ProductTags](
	[ID] [bigint] IDENTITY(1,1) NOT NULL,
	[product_id] [bigint] NULL,
	[tag_id] [bigint] NULL,
PRIMARY KEY CLUSTERED 
(
	[ID] ASC
)WITH (PAD_INDEX = OFF, STATISTICS_NORECOMPUTE = OFF, IGNORE_DUP_KEY = OFF, ALLOW_ROW_LOCKS = ON, ALLOW_PAGE_LOCKS = ON, OPTIMIZE_FOR_SEQUENTIAL_KEY = OFF) ON [PRIMARY]
) ON [PRIMARY]
GO
/****** Object:  Table [dbo].[ProductTags]    Script Date: 10/22/2023 3:41:13 PM ******/
SET ANSI_NULLS ON
GO
SET QUOTED_IDENTIFIER ON
GO
CREATE TABLE [dbo].[ProductTags](
	[tag_id] [bigint] IDENTITY(1,1) NOT NULL,
	[code] [varchar](16) NULL,
	[tag] [nvarchar](50) NULL,
	[status] [bit] NULL,
	[created_at] [datetime] NULL,
	[created_by] [bigint] NULL,
	[modified_at] [datetime] NULL,
	[modified_by] [bigint] NULL,
PRIMARY KEY CLUSTERED 
(
	[tag_id] ASC
)WITH (PAD_INDEX = OFF, STATISTICS_NORECOMPUTE = OFF, IGNORE_DUP_KEY = OFF, ALLOW_ROW_LOCKS = ON, ALLOW_PAGE_LOCKS = ON, OPTIMIZE_FOR_SEQUENTIAL_KEY = OFF) ON [PRIMARY]
) ON [PRIMARY]
GO
/****** Object:  Table [dbo].[RepContactUs]    Script Date: 10/22/2023 3:41:13 PM ******/
SET ANSI_NULLS ON
GO
SET QUOTED_IDENTIFIER ON
GO
CREATE TABLE [dbo].[RepContactUs](
	[id] [bigint] IDENTITY(1,1) NOT NULL,
	[code] [varchar](16) NULL,
	[contact_id] [bigint] NULL,
	[title] [nvarchar](300) NOT NULL,
	[message] [ntext] NULL,
	[status] [bit] NOT NULL,
	[created_at] [datetime] NULL,
	[created_by] [bigint] NULL,
	[modified_at] [datetime] NULL,
	[modified_by] [bigint] NULL,
PRIMARY KEY CLUSTERED 
(
	[id] ASC
)WITH (PAD_INDEX = OFF, STATISTICS_NORECOMPUTE = OFF, IGNORE_DUP_KEY = OFF, ALLOW_ROW_LOCKS = ON, ALLOW_PAGE_LOCKS = ON, OPTIMIZE_FOR_SEQUENTIAL_KEY = OFF) ON [PRIMARY]
) ON [PRIMARY] TEXTIMAGE_ON [PRIMARY]
GO
/****** Object:  Table [dbo].[Users]    Script Date: 10/22/2023 3:41:13 PM ******/
SET ANSI_NULLS ON
GO
SET QUOTED_IDENTIFIER ON
GO
CREATE TABLE [dbo].[Users](
	[user_id] [bigint] IDENTITY(1,1) NOT NULL,
	[code] [varchar](16) NULL,
	[fullname] [nvarchar](255) NULL,
	[dob] [date] NULL,
	[gender] [bit] NULL,
	[address] [nvarchar](500) NULL,
	[email] [varchar](100) NULL,
	[password] [varchar](100) NULL,
	[id_card] [varchar](28) NULL,
	[avatar] [varchar](max) NULL,
	[role] [int] NOT NULL,
	[status] [bit] NOT NULL,
	[created_at] [datetime] NULL,
	[created_by] [bigint] NULL,
	[modified_at] [datetime] NULL,
	[modified_by] [bigint] NULL,
PRIMARY KEY CLUSTERED 
(
	[user_id] ASC
)WITH (PAD_INDEX = OFF, STATISTICS_NORECOMPUTE = OFF, IGNORE_DUP_KEY = OFF, ALLOW_ROW_LOCKS = ON, ALLOW_PAGE_LOCKS = ON, OPTIMIZE_FOR_SEQUENTIAL_KEY = OFF) ON [PRIMARY]
) ON [PRIMARY] TEXTIMAGE_ON [PRIMARY]
GO
SET IDENTITY_INSERT [dbo].[Brands] ON 

INSERT [dbo].[Brands] ([brand_id], [code], [name], [logo], [status], [created_at], [created_by], [modified_at], [modified_by]) VALUES (1, N'brand1', N'ToTo', N'logo.png', 1, CAST(N'2023-01-01T18:25:00.000' AS DateTime), 1, CAST(N'2023-01-01T18:25:00.000' AS DateTime), 1)
INSERT [dbo].[Brands] ([brand_id], [code], [name], [logo], [status], [created_at], [created_by], [modified_at], [modified_by]) VALUES (2, N'brand2', N'Inax', N'logo.png', 1, CAST(N'2023-01-01T18:25:00.000' AS DateTime), 1, CAST(N'2023-01-01T18:25:00.000' AS DateTime), 1)
INSERT [dbo].[Brands] ([brand_id], [code], [name], [logo], [status], [created_at], [created_by], [modified_at], [modified_by]) VALUES (3, N'brand3', N'Daelim', N'logo.png', 1, CAST(N'2023-01-01T18:25:00.000' AS DateTime), 1, CAST(N'2023-01-01T18:25:00.000' AS DateTime), 1)
INSERT [dbo].[Brands] ([brand_id], [code], [name], [logo], [status], [created_at], [created_by], [modified_at], [modified_by]) VALUES (4, N'brand4', N'Duravit', N'logo.png', 1, CAST(N'2023-01-01T18:25:00.000' AS DateTime), 1, CAST(N'2023-01-01T18:25:00.000' AS DateTime), 1)
INSERT [dbo].[Brands] ([brand_id], [code], [name], [logo], [status], [created_at], [created_by], [modified_at], [modified_by]) VALUES (5, N'brand5', N'Moen', N'logo.png', 1, CAST(N'2023-01-01T18:25:00.000' AS DateTime), 1, CAST(N'2023-01-01T18:25:00.000' AS DateTime), 1)
INSERT [dbo].[Brands] ([brand_id], [code], [name], [logo], [status], [created_at], [created_by], [modified_at], [modified_by]) VALUES (6, N'brand6', N'American Standard', N'logo.png', 1, CAST(N'2023-01-01T18:25:00.000' AS DateTime), 1, CAST(N'2023-01-01T18:25:00.000' AS DateTime), 1)
INSERT [dbo].[Brands] ([brand_id], [code], [name], [logo], [status], [created_at], [created_by], [modified_at], [modified_by]) VALUES (7, N'brand7', N'Cotto', N'logo.png', 1, CAST(N'2023-01-01T18:25:00.000' AS DateTime), 1, CAST(N'2023-01-01T18:25:00.000' AS DateTime), 1)
INSERT [dbo].[Brands] ([brand_id], [code], [name], [logo], [status], [created_at], [created_by], [modified_at], [modified_by]) VALUES (8, N'brand8', N'Kohler', N'logo.png', 1, CAST(N'2023-01-01T18:25:00.000' AS DateTime), 1, CAST(N'2023-01-01T18:25:00.000' AS DateTime), 1)
INSERT [dbo].[Brands] ([brand_id], [code], [name], [logo], [status], [created_at], [created_by], [modified_at], [modified_by]) VALUES (9, N'brand9', N'Grohe', N'logo.png', 1, CAST(N'2023-01-01T18:25:00.000' AS DateTime), 1, CAST(N'2023-01-01T18:25:00.000' AS DateTime), 1)
INSERT [dbo].[Brands] ([brand_id], [code], [name], [logo], [status], [created_at], [created_by], [modified_at], [modified_by]) VALUES (10, N'brand10', N'Caesar', N'logo.png', 1, CAST(N'2023-01-01T18:25:00.000' AS DateTime), 1, CAST(N'2023-01-01T18:25:00.000' AS DateTime), 1)
SET IDENTITY_INSERT [dbo].[Brands] OFF
GO
SET IDENTITY_INSERT [dbo].[Categories] ON 

INSERT [dbo].[Categories] ([cate_id], [parent_id], [code], [cate], [url], [status], [created_at], [created_by], [modified_at], [modified_by]) VALUES (1, NULL, N'cate1', N'Bồn cầu', N'bon-cau-cate1', 1, CAST(N'2023-01-01T20:10:19.000' AS DateTime), 1, CAST(N'2023-01-01T20:10:19.000' AS DateTime), 1)
INSERT [dbo].[Categories] ([cate_id], [parent_id], [code], [cate], [url], [status], [created_at], [created_by], [modified_at], [modified_by]) VALUES (2, NULL, N'cate2', N'Bồn tắm', N'bon-tam-cate2', 1, CAST(N'2023-01-01T20:10:19.000' AS DateTime), 1, CAST(N'2023-01-01T20:10:19.000' AS DateTime), 1)
INSERT [dbo].[Categories] ([cate_id], [parent_id], [code], [cate], [url], [status], [created_at], [created_by], [modified_at], [modified_by]) VALUES (3, NULL, N'cate3', N'Bồn tiểu nam', N'bon-tieu-nam-cate3', 1, CAST(N'2023-01-01T20:10:19.000' AS DateTime), 1, CAST(N'2023-01-01T20:10:19.000' AS DateTime), 1)
INSERT [dbo].[Categories] ([cate_id], [parent_id], [code], [cate], [url], [status], [created_at], [created_by], [modified_at], [modified_by]) VALUES (4, NULL, N'cate4', N'Lavabo', N'lavabo-cate4', 1, CAST(N'2023-01-01T20:10:19.000' AS DateTime), 1, CAST(N'2023-01-01T20:10:19.000' AS DateTime), 1)
INSERT [dbo].[Categories] ([cate_id], [parent_id], [code], [cate], [url], [status], [created_at], [created_by], [modified_at], [modified_by]) VALUES (5, NULL, N'cate5', N'Vòi sen', N'voi-sen-cate5', 1, CAST(N'2023-01-01T20:10:19.000' AS DateTime), 1, CAST(N'2023-01-01T20:10:19.000' AS DateTime), 1)
INSERT [dbo].[Categories] ([cate_id], [parent_id], [code], [cate], [url], [status], [created_at], [created_by], [modified_at], [modified_by]) VALUES (6, NULL, N'cate6', N'Vòi cảm ứng', N'voi-cam-ung-cate6', 1, CAST(N'2023-01-01T20:10:19.000' AS DateTime), 1, CAST(N'2023-01-01T20:10:19.000' AS DateTime), 1)
INSERT [dbo].[Categories] ([cate_id], [parent_id], [code], [cate], [url], [status], [created_at], [created_by], [modified_at], [modified_by]) VALUES (7, NULL, N'cate7', N'Phụ kiện phòng tắm', N'phu-kien-phong-tam-cate7', 1, CAST(N'2023-01-01T20:10:19.000' AS DateTime), 1, CAST(N'2023-01-01T20:10:19.000' AS DateTime), 1)
INSERT [dbo].[Categories] ([cate_id], [parent_id], [code], [cate], [url], [status], [created_at], [created_by], [modified_at], [modified_by]) VALUES (8, 1, N'cate8', N'Bồn cầu theo khối', N'bon-cau-theo-khoi-cate8', 1, CAST(N'2023-01-01T20:10:19.000' AS DateTime), 1, CAST(N'2023-01-01T20:10:19.000' AS DateTime), 1)
INSERT [dbo].[Categories] ([cate_id], [parent_id], [code], [cate], [url], [status], [created_at], [created_by], [modified_at], [modified_by]) VALUES (9, 1, N'cate9', N'Bồn cầu treo tường', N'bon-cau-treo-tuong-cate9', 1, CAST(N'2023-01-01T20:10:19.000' AS DateTime), 1, CAST(N'2023-01-01T20:10:19.000' AS DateTime), 1)
INSERT [dbo].[Categories] ([cate_id], [parent_id], [code], [cate], [url], [status], [created_at], [created_by], [modified_at], [modified_by]) VALUES (10, 1, N'cate10', N'Bồn cầu thông min', N'bon-cau-thong-min-cate10', 1, CAST(N'2023-01-01T20:10:19.000' AS DateTime), 1, CAST(N'2023-01-01T20:10:19.000' AS DateTime), 1)
INSERT [dbo].[Categories] ([cate_id], [parent_id], [code], [cate], [url], [status], [created_at], [created_by], [modified_at], [modified_by]) VALUES (11, 2, N'cate11', N'Bồn tắm nằm', N'bon-tam-nam-cate11', 1, CAST(N'2023-01-01T20:10:19.000' AS DateTime), 1, CAST(N'2023-01-01T20:10:19.000' AS DateTime), 1)
INSERT [dbo].[Categories] ([cate_id], [parent_id], [code], [cate], [url], [status], [created_at], [created_by], [modified_at], [modified_by]) VALUES (12, 2, N'cate12', N'Bồn tắm góc', N'bon-tam-goc-cate12', 1, CAST(N'2023-01-01T20:10:19.000' AS DateTime), 1, CAST(N'2023-01-01T20:10:19.000' AS DateTime), 1)
INSERT [dbo].[Categories] ([cate_id], [parent_id], [code], [cate], [url], [status], [created_at], [created_by], [modified_at], [modified_by]) VALUES (13, 2, N'cate13', N'Bồn massage', N'bon-massage-cate13', 1, CAST(N'2023-01-01T20:10:19.000' AS DateTime), 1, CAST(N'2023-01-01T20:10:19.000' AS DateTime), 1)
INSERT [dbo].[Categories] ([cate_id], [parent_id], [code], [cate], [url], [status], [created_at], [created_by], [modified_at], [modified_by]) VALUES (14, 1, N'cate14', N'Nắp bồn cầu', N'nap-bon-cau-cate14', 1, CAST(N'2023-01-01T20:10:19.000' AS DateTime), 1, CAST(N'2023-01-01T20:10:19.000' AS DateTime), 1)
INSERT [dbo].[Categories] ([cate_id], [parent_id], [code], [cate], [url], [status], [created_at], [created_by], [modified_at], [modified_by]) VALUES (15, 4, N'cate15', N'Chậu rửa mặt', N'chau-rua-mat-cate15', 1, CAST(N'2023-01-01T20:10:19.000' AS DateTime), 1, CAST(N'2023-01-01T20:10:19.000' AS DateTime), 1)
INSERT [dbo].[Categories] ([cate_id], [parent_id], [code], [cate], [url], [status], [created_at], [created_by], [modified_at], [modified_by]) VALUES (16, 4, N'cate16', N'Vòi rửa mặt', N'voi-rua-mat-cate16', 1, CAST(N'2023-01-01T20:10:19.000' AS DateTime), 1, CAST(N'2023-01-01T20:10:19.000' AS DateTime), 1)
INSERT [dbo].[Categories] ([cate_id], [parent_id], [code], [cate], [url], [status], [created_at], [created_by], [modified_at], [modified_by]) VALUES (17, 7, N'cate17', N'Vòi xả lạnh', N'voi-xa-lanh-cate17', 1, CAST(N'2023-01-01T20:10:19.000' AS DateTime), 1, CAST(N'2023-01-01T20:10:19.000' AS DateTime), 1)
INSERT [dbo].[Categories] ([cate_id], [parent_id], [code], [cate], [url], [status], [created_at], [created_by], [modified_at], [modified_by]) VALUES (18, 7, N'cate18', N'Gương phòng tắm', N'guong-phong-tam-cate18', 1, CAST(N'2023-01-01T20:10:19.000' AS DateTime), 1, CAST(N'2023-01-01T20:10:19.000' AS DateTime), 1)
INSERT [dbo].[Categories] ([cate_id], [parent_id], [code], [cate], [url], [status], [created_at], [created_by], [modified_at], [modified_by]) VALUES (19, 7, N'cate19', N'Thanh treo khăn', N'thanh-treo-khan-cate19', 1, CAST(N'2023-01-01T20:10:19.000' AS DateTime), 1, CAST(N'2023-01-01T20:10:19.000' AS DateTime), 1)
INSERT [dbo].[Categories] ([cate_id], [parent_id], [code], [cate], [url], [status], [created_at], [created_by], [modified_at], [modified_by]) VALUES (20, 7, N'cate20', N'Phễu thoát sàn', N'pheu-thoat-san-cate20', 1, CAST(N'2023-01-01T20:10:19.000' AS DateTime), 1, CAST(N'2023-01-01T20:10:19.000' AS DateTime), 1)
INSERT [dbo].[Categories] ([cate_id], [parent_id], [code], [cate], [url], [status], [created_at], [created_by], [modified_at], [modified_by]) VALUES (21, 7, N'cate21', N'Kệ phòng tắm', N'ke-phong-tam-cate21', 1, CAST(N'2023-01-01T20:10:19.000' AS DateTime), 1, CAST(N'2023-01-01T20:10:19.000' AS DateTime), 1)
INSERT [dbo].[Categories] ([cate_id], [parent_id], [code], [cate], [url], [status], [created_at], [created_by], [modified_at], [modified_by]) VALUES (22, 7, N'cate22', N'Móc giấy vệ sinh', N'moc-giay-ve-sinh-cate22', 1, CAST(N'2023-01-01T20:10:19.000' AS DateTime), 1, CAST(N'2023-01-01T20:10:19.000' AS DateTime), 1)
INSERT [dbo].[Categories] ([cate_id], [parent_id], [code], [cate], [url], [status], [created_at], [created_by], [modified_at], [modified_by]) VALUES (23, 7, N'cate23', N'Máy sấy tay', N'may-say-tay-cate23', 1, CAST(N'2023-01-01T20:10:19.000' AS DateTime), 1, CAST(N'2023-01-01T20:10:19.000' AS DateTime), 1)
INSERT [dbo].[Categories] ([cate_id], [parent_id], [code], [cate], [url], [status], [created_at], [created_by], [modified_at], [modified_by]) VALUES (24, 5, N'cate24', N'Vòi sen tắm', N'voi-sen-tam-cate24', 1, CAST(N'2023-01-01T20:10:19.000' AS DateTime), 1, CAST(N'2023-01-01T20:10:19.000' AS DateTime), 1)
INSERT [dbo].[Categories] ([cate_id], [parent_id], [code], [cate], [url], [status], [created_at], [created_by], [modified_at], [modified_by]) VALUES (25, 5, N'cate25', N'Vòi sen xả bồn', N'voi-sen-xa-bon-cate25', 1, CAST(N'2023-01-01T20:10:19.000' AS DateTime), 1, CAST(N'2023-01-01T20:10:19.000' AS DateTime), 1)
SET IDENTITY_INSERT [dbo].[Categories] OFF
GO
SET IDENTITY_INSERT [dbo].[Customers] ON 

INSERT [dbo].[Customers] ([customer_id], [code], [name], [gender], [email], [phone_number], [password], [status], [created_at], [created_by], [modified_at], [modified_by]) VALUES (1, N'100423CU0', N'Trịnh Công Minh', 1, N'trinhminh2907@gmail.com', N'0366780698', N'6E1C0CA75F9D8372861017DA541C6BC5', 1, NULL, NULL, NULL, NULL)
SET IDENTITY_INSERT [dbo].[Customers] OFF
GO
SET IDENTITY_INSERT [dbo].[News] ON 

INSERT [dbo].[News] ([news_id], [newsgroup_id], [code], [title], [short_description], [description], [view], [url], [status], [created_at], [created_by], [modified_at], [modified_by]) VALUES (1, 1, N'010123N1', N'Mục tiêu', N'TBVC với phương châm, lấy con người làm trọng tâm. Chúng tôi luôn nỗ lực trong việc tạo ra môi trường làm việc năng động, thoải mái, thỏa sức sáng tạo. Và từ đó nhân viên tiếp tục mang đến cho khách hàng sự tin cậy, hài lòng và chuyên nghiệp.', N'TBVC với phương châm, lấy con người làm trọng tâm. Chúng tôi luôn nỗ lực trong việc tạo ra môi trường làm việc năng động, thoải mái, thỏa sức sáng tạo. Và từ đó nhân viên tiếp tục mang đến cho khách hàng sự tin cậy, hài lòng và chuyên nghiệp.Với đội ngũ nhân viên nhiệt tình, dày dạn kinh nghiệm và được đào tạo chuyên nghiệp. Sự hài lòng và trải nghiệm dịch vụ mua sắm tiện nghi là yếu tố hàng đầu được chúng tôi quan tâm. Đội ngũ tư vấn viên luôn sẵn sàng hỗ trợ và giúp bạn lựa chọn được những sản phẩm phù hợp với không gian, túi tiền, phong thủy của ngôi nhà.', 0, N'Muc-tieu-010123N1', 1, CAST(N'2023-01-01T20:10:19.000' AS DateTime), 1, CAST(N'2023-01-01T20:10:19.000' AS DateTime), 1)
INSERT [dbo].[News] ([news_id], [newsgroup_id], [code], [title], [short_description], [description], [view], [url], [status], [created_at], [created_by], [modified_at], [modified_by]) VALUES (2, 1, N'010123N2', N'Sứ mệnh', N'Sứ mệnh của TBVC là nâng giá trị sống lên tầm tiêu chuẩn.', N'Sứ mệnh của TBVC là nâng giá trị sống lên tầm tiêu chuẩn. Để thực hiện điều đó, TBVC sẽ là người bạn đồng hành, cung cấp các giải pháp, thông tin hữu ích về nội thất. Phần nào giúp người tiêu dùng có những lựa chọn và quyết định đúng đắn cho không gian sống đẳng cấp trong ngôi nhà của bạn.', 0, N'Su-menh-010123N2', 1, CAST(N'2023-01-01T20:10:19.000' AS DateTime), 1, CAST(N'2023-01-01T20:10:19.000' AS DateTime), 1)
INSERT [dbo].[News] ([news_id], [newsgroup_id], [code], [title], [short_description], [description], [view], [url], [status], [created_at], [created_by], [modified_at], [modified_by]) VALUES (3, 1, N'010123N3', N'Môi trường làm việc', N'TBVC luôn nỗ lực tạo ra một môi trường làm việc không gian mở, tươi xanh và gần gũi với thiên nhiên.', N'TBVC luôn nỗ lực tạo ra một môi trường làm việc không gian mở, tươi xanh và gần gũi với thiên nhiên. Ngoài ra chúng tôi còn xây dựng một tinh thần làm việc hòa đồng, năng động, sáng tạo. Với những khoảng không gian vui chơi giải trí, góc sinh hoạt tập thể để mọi người có thể gắn kết với nhau.', 0, N'Moi-truong-lam-viec-010123N3', 1, CAST(N'2023-01-01T20:10:19.000' AS DateTime), 1, CAST(N'2023-01-01T20:10:19.000' AS DateTime), 1)
INSERT [dbo].[News] ([news_id], [newsgroup_id], [code], [title], [short_description], [description], [view], [url], [status], [created_at], [created_by], [modified_at], [modified_by]) VALUES (4, 4, N'150323N1', N'New Sanitation Equipment Released', N'Our company has just released a new line of sanitation equipment.', N'We are excited to announce the release of our latest line of sanitation equipment. These products are designed to meet the highest standards of cleanliness and efficiency. Contact us today to learn more.', 7, N'New-Sanitation-Equipment-Released-150323N1', 1, CAST(N'2023-03-15T11:34:22.943' AS DateTime), 1, CAST(N'2023-03-15T11:34:22.943' AS DateTime), 1)
INSERT [dbo].[News] ([news_id], [newsgroup_id], [code], [title], [short_description], [description], [view], [url], [status], [created_at], [created_by], [modified_at], [modified_by]) VALUES (5, 4, N'150323N2', N'Sanitation Equipment Sale', N'Limited-time offer: Save up to 20% on all sanitation equipment!', N'For a limited time, our company is offering discounts of up to 20% on all of our sanitation equipment products. This is a great opportunity to upgrade your cleaning supplies and save money at the same time. Contact us today to take advantage of this special offer.', 1, N'Sanitation-Equipment-Sale-150323N2', 1, CAST(N'2023-03-15T11:34:22.943' AS DateTime), 1, CAST(N'2023-03-15T11:34:22.943' AS DateTime), 1)
INSERT [dbo].[News] ([news_id], [newsgroup_id], [code], [title], [short_description], [description], [view], [url], [status], [created_at], [created_by], [modified_at], [modified_by]) VALUES (6, 6, N'150323N3', N'Sanitation Equipment Maintenance Tips', N'Learn how to keep your sanitation equipment in top condition with these tips.', N'Proper maintenance is key to ensuring the longevity and effectiveness of your sanitation equipment. In this article, we share some useful tips for keeping your equipment in top condition. From regular cleaning to preventative maintenance, these tips will help you get the most out of your investment. Read more now.', 0, N'Sanitation-Equipment-Maintenance-Tips-150323N3', 1, CAST(N'2023-03-15T11:34:22.943' AS DateTime), 1, CAST(N'2023-03-15T11:34:22.943' AS DateTime), 1)
INSERT [dbo].[News] ([news_id], [newsgroup_id], [code], [title], [short_description], [description], [view], [url], [status], [created_at], [created_by], [modified_at], [modified_by]) VALUES (7, 5, N'160323N1', N'Sanitation Equipment Maintenance Tips', N'Learn how to keep your sanitation equipment in top condition with these tips.', N'<p>Proper maintenance is key to ensuring the longevity and effectiveness of your sanitation equipment. In this article, we share some useful tips for keeping your equipment in top condition. From regular cleaning to preventative maintenance, these tips will help you get the most out of your investment. Read more now.<br></p>', 1, N'Sanitation-Equipment-Maintenance-Tips-160323N1', 0, CAST(N'2023-03-16T00:06:01.637' AS DateTime), 3, CAST(N'2023-03-16T00:06:01.637' AS DateTime), 3)
INSERT [dbo].[News] ([news_id], [newsgroup_id], [code], [title], [short_description], [description], [view], [url], [status], [created_at], [created_by], [modified_at], [modified_by]) VALUES (8, 5, N'160323N2', N'Sanitation Equipment Maintenance Tips', N'Learn how to keep your sanitation equipment in top condition with these tips.', N'<p>Proper maintenance is key to ensuring the longevity and effectiveness of your sanitation equipment. In this article, we share some useful tips for keeping your equipment in top condition. From regular cleaning to preventative maintenance, these tips will help you get the most out of your investment. Read more now.<br></p>', 3, N'Sanitation-Equipment-Maintenance-Tips-160323N2', 1, CAST(N'2023-03-16T00:25:41.103' AS DateTime), 3, CAST(N'2023-03-16T00:25:41.103' AS DateTime), 3)
SET IDENTITY_INSERT [dbo].[News] OFF
GO
SET IDENTITY_INSERT [dbo].[NewsGroups] ON 

INSERT [dbo].[NewsGroups] ([newsgroup_id], [parent_id], [code], [newsgroup_name], [url], [status], [created_at], [created_by], [modified_at], [modified_by]) VALUES (1, NULL, N'newgr1', N'About Us', N'About-us', 1, CAST(N'2023-01-01T20:10:19.000' AS DateTime), 1, CAST(N'2023-01-01T20:10:19.000' AS DateTime), 1)
INSERT [dbo].[NewsGroups] ([newsgroup_id], [parent_id], [code], [newsgroup_name], [url], [status], [created_at], [created_by], [modified_at], [modified_by]) VALUES (2, NULL, N'newgr2', N'Blog', N'Blog', 1, CAST(N'2023-01-01T20:10:19.000' AS DateTime), 1, CAST(N'2023-01-01T20:10:19.000' AS DateTime), 1)
INSERT [dbo].[NewsGroups] ([newsgroup_id], [parent_id], [code], [newsgroup_name], [url], [status], [created_at], [created_by], [modified_at], [modified_by]) VALUES (3, NULL, N'newgr3', N'Sales Policy', N'Sale-policy', 1, CAST(N'2023-01-01T20:10:19.000' AS DateTime), 1, CAST(N'2023-01-01T20:10:19.000' AS DateTime), 1)
INSERT [dbo].[NewsGroups] ([newsgroup_id], [parent_id], [code], [newsgroup_name], [url], [status], [created_at], [created_by], [modified_at], [modified_by]) VALUES (4, 2, N'newgr4', N'Tin khuyến mại', N'Tin-khuyen-mai', 1, CAST(N'2023-01-01T20:10:19.000' AS DateTime), 1, CAST(N'2023-01-01T20:10:19.000' AS DateTime), 1)
INSERT [dbo].[NewsGroups] ([newsgroup_id], [parent_id], [code], [newsgroup_name], [url], [status], [created_at], [created_by], [modified_at], [modified_by]) VALUES (5, 2, N'newgr5', N'Hướng dẫn', N'Huong-dan', 1, CAST(N'2023-01-01T20:10:19.000' AS DateTime), 1, CAST(N'2023-01-01T20:10:19.000' AS DateTime), 1)
INSERT [dbo].[NewsGroups] ([newsgroup_id], [parent_id], [code], [newsgroup_name], [url], [status], [created_at], [created_by], [modified_at], [modified_by]) VALUES (6, 2, N'newgr6', N'Thông tin', N'Thong-tin', 1, CAST(N'2023-01-01T20:10:19.000' AS DateTime), 1, CAST(N'2023-01-01T20:10:19.000' AS DateTime), 1)
SET IDENTITY_INSERT [dbo].[NewsGroups] OFF
GO
SET IDENTITY_INSERT [dbo].[NewsImages] ON 

INSERT [dbo].[NewsImages] ([image_id], [news_id], [code], [image], [level], [status], [created_at], [created_by], [modified_at], [modified_by]) VALUES (1, 1, N'010123NI1', N'cham-soc-khach-hang-noi-that-ra-khoi.jpg', 1, 1, CAST(N'2023-01-01T00:00:00.000' AS DateTime), 1, CAST(N'2023-01-01T00:00:00.000' AS DateTime), 1)
INSERT [dbo].[NewsImages] ([image_id], [news_id], [code], [image], [level], [status], [created_at], [created_by], [modified_at], [modified_by]) VALUES (2, 2, N'010123NI2', N'cham-soc-khach-hang-noi-that-ra-khoi.jpg', 1, 1, CAST(N'2023-01-01T00:00:00.000' AS DateTime), 1, CAST(N'2023-01-01T00:00:00.000' AS DateTime), 1)
INSERT [dbo].[NewsImages] ([image_id], [news_id], [code], [image], [level], [status], [created_at], [created_by], [modified_at], [modified_by]) VALUES (3, 3, N'010123NI3', N'cham-soc-khach-hang-noi-that-ra-khoi.jpg', 1, 1, CAST(N'2023-01-01T00:00:00.000' AS DateTime), 1, CAST(N'2023-01-01T00:00:00.000' AS DateTime), 1)
INSERT [dbo].[NewsImages] ([image_id], [news_id], [code], [image], [level], [status], [created_at], [created_by], [modified_at], [modified_by]) VALUES (4, 5, N'150323NI1', N'sieu-giam-gia.png', 1, 1, CAST(N'2023-03-15T11:57:26.167' AS DateTime), 3, CAST(N'2023-03-15T11:57:26.167' AS DateTime), 3)
INSERT [dbo].[NewsImages] ([image_id], [news_id], [code], [image], [level], [status], [created_at], [created_by], [modified_at], [modified_by]) VALUES (5, 6, N'150323NI1', N'Chafin-Blog-Headers-7_geo-1024x576.jpg', 1, 1, CAST(N'2023-03-15T11:59:18.590' AS DateTime), 3, CAST(N'2023-03-15T11:59:18.590' AS DateTime), 3)
INSERT [dbo].[NewsImages] ([image_id], [news_id], [code], [image], [level], [status], [created_at], [created_by], [modified_at], [modified_by]) VALUES (6, 1, N'150323NI1', N'Chafin-Blog-Headers-7_geo-1024x576.jpg', 1, 1, CAST(N'2023-03-15T13:11:58.857' AS DateTime), 3, CAST(N'2023-03-15T13:11:58.857' AS DateTime), 3)
INSERT [dbo].[NewsImages] ([image_id], [news_id], [code], [image], [level], [status], [created_at], [created_by], [modified_at], [modified_by]) VALUES (7, 7, N'160323NI1', N'AdobeStock_298320299-scaled.jpg', 1, 1, CAST(N'2023-03-16T00:16:44.063' AS DateTime), 3, CAST(N'2023-03-16T00:16:44.063' AS DateTime), 3)
INSERT [dbo].[NewsImages] ([image_id], [news_id], [code], [image], [level], [status], [created_at], [created_by], [modified_at], [modified_by]) VALUES (8, 8, N'160323NI1', N'images.jpg', 1, 1, CAST(N'2023-03-16T00:38:14.860' AS DateTime), 3, CAST(N'2023-03-16T00:38:14.860' AS DateTime), 3)
INSERT [dbo].[NewsImages] ([image_id], [news_id], [code], [image], [level], [status], [created_at], [created_by], [modified_at], [modified_by]) VALUES (9, 4, N'210323NI1', N'stock-vector-male-hand-holding-megaphone-with-important-announcement-speech-bubble-loudspeaker-banner-for-1233755719.jpg', 1, 1, CAST(N'2023-03-21T13:12:54.337' AS DateTime), 3, CAST(N'2023-03-21T13:12:54.337' AS DateTime), 3)
SET IDENTITY_INSERT [dbo].[NewsImages] OFF
GO
SET IDENTITY_INSERT [dbo].[OrderDetails] ON 

INSERT [dbo].[OrderDetails] ([orderdetail_id], [order_id], [product_id], [code], [quantity], [unitprice], [status], [created_at], [created_by], [modified_at], [modified_by]) VALUES (1, 1, 10, N'100423ODT0', 1, 19826000, 1, CAST(N'2023-04-10T20:54:17.580' AS DateTime), 0, CAST(N'2023-04-10T20:54:17.580' AS DateTime), 0)
INSERT [dbo].[OrderDetails] ([orderdetail_id], [order_id], [product_id], [code], [quantity], [unitprice], [status], [created_at], [created_by], [modified_at], [modified_by]) VALUES (2, 1, 18, N'100423ODT1', 1, 16500000, 1, CAST(N'2023-04-10T20:54:17.607' AS DateTime), 0, CAST(N'2023-04-10T20:54:17.607' AS DateTime), 0)
INSERT [dbo].[OrderDetails] ([orderdetail_id], [order_id], [product_id], [code], [quantity], [unitprice], [status], [created_at], [created_by], [modified_at], [modified_by]) VALUES (3, 2, 9, N'100423ODT2', 1, 43529000, 1, CAST(N'2023-04-10T21:10:43.170' AS DateTime), 0, CAST(N'2023-04-10T21:10:43.170' AS DateTime), 0)
INSERT [dbo].[OrderDetails] ([orderdetail_id], [order_id], [product_id], [code], [quantity], [unitprice], [status], [created_at], [created_by], [modified_at], [modified_by]) VALUES (4, 2, 21, N'100423ODT3', 1, 24000000, 1, CAST(N'2023-04-10T21:10:43.197' AS DateTime), 0, CAST(N'2023-04-10T21:10:43.197' AS DateTime), 0)
INSERT [dbo].[OrderDetails] ([orderdetail_id], [order_id], [product_id], [code], [quantity], [unitprice], [status], [created_at], [created_by], [modified_at], [modified_by]) VALUES (5, 2, 10, N'100423ODT4', 1, 19826000, 1, CAST(N'2023-04-10T21:10:43.220' AS DateTime), 0, CAST(N'2023-04-10T21:10:43.220' AS DateTime), 0)
SET IDENTITY_INSERT [dbo].[OrderDetails] OFF
GO
SET IDENTITY_INSERT [dbo].[Orders] ON 

INSERT [dbo].[Orders] ([order_id], [customer_id], [user_id], [code], [address], [total], [state], [payment], [status], [created_at], [created_by], [modified_at], [modified_by]) VALUES (1, 1, 0, N'100423OD1', N'Đại học FPT', 36326000, 1, 0, 1, CAST(N'2023-04-10T20:54:17.530' AS DateTime), 0, CAST(N'2023-04-10T20:54:17.530' AS DateTime), 0)
INSERT [dbo].[Orders] ([order_id], [customer_id], [user_id], [code], [address], [total], [state], [payment], [status], [created_at], [created_by], [modified_at], [modified_by]) VALUES (2, 1, 0, N'100423OD2', N'Đại học FPT', 87355000, 1, 0, 1, CAST(N'2023-04-10T21:10:43.123' AS DateTime), 0, CAST(N'2023-04-10T21:10:43.123' AS DateTime), 0)
SET IDENTITY_INSERT [dbo].[Orders] OFF
GO
SET IDENTITY_INSERT [dbo].[ProductImages] ON 

INSERT [dbo].[ProductImages] ([image_id], [product_id], [code], [image], [level], [status], [created_at], [created_by], [modified_at], [modified_by]) VALUES (1, 1, N'070323PD11', N'bon-cau-inax-ac-602vn-2-510x510.jpg', 1, 1, CAST(N'2023-03-07T04:14:32.760' AS DateTime), 1, CAST(N'2023-03-07T04:14:32.760' AS DateTime), 1)
INSERT [dbo].[ProductImages] ([image_id], [product_id], [code], [image], [level], [status], [created_at], [created_by], [modified_at], [modified_by]) VALUES (2, 1, N'070323PD12', N'bon-cau-inax-ac-602vn-3-510x510.jpg', 2, 1, CAST(N'2023-03-07T04:14:32.797' AS DateTime), 1, CAST(N'2023-03-07T04:14:32.797' AS DateTime), 1)
INSERT [dbo].[ProductImages] ([image_id], [product_id], [code], [image], [level], [status], [created_at], [created_by], [modified_at], [modified_by]) VALUES (3, 1, N'070323PD13', N'bon-cau-inax-ac-602vn-1-510x510.jpg', 2, 1, CAST(N'2023-03-07T04:14:32.833' AS DateTime), 1, CAST(N'2023-03-07T04:14:32.833' AS DateTime), 1)
INSERT [dbo].[ProductImages] ([image_id], [product_id], [code], [image], [level], [status], [created_at], [created_by], [modified_at], [modified_by]) VALUES (4, 2, N'070323PD21', N'bon-cau-inax-gia-re-1-khoi-ac-969vn-510x287.jpg', 1, 1, CAST(N'2023-03-07T04:17:01.487' AS DateTime), 1, CAST(N'2023-03-07T04:17:01.487' AS DateTime), 1)
INSERT [dbo].[ProductImages] ([image_id], [product_id], [code], [image], [level], [status], [created_at], [created_by], [modified_at], [modified_by]) VALUES (5, 2, N'070323PD22', N'bon-cau-inax-gia-re-1-khoi-ac-969vn-1.jpg', 2, 1, CAST(N'2023-03-07T04:17:01.537' AS DateTime), 1, CAST(N'2023-03-07T04:17:01.537' AS DateTime), 1)
INSERT [dbo].[ProductImages] ([image_id], [product_id], [code], [image], [level], [status], [created_at], [created_by], [modified_at], [modified_by]) VALUES (6, 2, N'070323PD23', N'ban-cau-inax-mot-khoi-ac-969vn.jpg', 2, 1, CAST(N'2023-03-07T04:17:01.573' AS DateTime), 1, CAST(N'2023-03-07T04:17:01.573' AS DateTime), 1)
INSERT [dbo].[ProductImages] ([image_id], [product_id], [code], [image], [level], [status], [created_at], [created_by], [modified_at], [modified_by]) VALUES (7, 3, N'070323PD31', N'inax-504-1.jpg', 1, 1, CAST(N'2023-03-07T04:20:52.570' AS DateTime), 1, CAST(N'2023-03-07T04:20:52.570' AS DateTime), 1)
INSERT [dbo].[ProductImages] ([image_id], [product_id], [code], [image], [level], [status], [created_at], [created_by], [modified_at], [modified_by]) VALUES (8, 3, N'070323PD32', N'vietnam-ban-cau-inax-2-khoi-c-504van-nap-dong-em.jpg', 2, 1, CAST(N'2023-03-07T04:20:52.617' AS DateTime), 1, CAST(N'2023-03-07T04:20:52.617' AS DateTime), 1)
INSERT [dbo].[ProductImages] ([image_id], [product_id], [code], [image], [level], [status], [created_at], [created_by], [modified_at], [modified_by]) VALUES (9, 3, N'070323PD33', N'c-504van.jpg', 2, 1, CAST(N'2023-03-07T04:20:52.653' AS DateTime), 1, CAST(N'2023-03-07T04:20:52.653' AS DateTime), 1)
INSERT [dbo].[ProductImages] ([image_id], [product_id], [code], [image], [level], [status], [created_at], [created_by], [modified_at], [modified_by]) VALUES (10, 3, N'070323PD34', N'inax-504.jpg', 2, 1, CAST(N'2023-03-07T04:20:52.690' AS DateTime), 1, CAST(N'2023-03-07T04:20:52.690' AS DateTime), 1)
INSERT [dbo].[ProductImages] ([image_id], [product_id], [code], [image], [level], [status], [created_at], [created_by], [modified_at], [modified_by]) VALUES (11, 3, N'070323PD35', N'Bon-cau-C504van-nap-dong-em.jpg', 2, 1, CAST(N'2023-03-07T04:20:52.723' AS DateTime), 1, CAST(N'2023-03-07T04:20:52.723' AS DateTime), 1)
INSERT [dbo].[ProductImages] ([image_id], [product_id], [code], [image], [level], [status], [created_at], [created_by], [modified_at], [modified_by]) VALUES (12, 4, N'070323PD41', N'inax-504.jpg', 1, 1, CAST(N'2023-03-07T04:21:55.990' AS DateTime), 1, CAST(N'2023-03-07T04:21:55.990' AS DateTime), 1)
INSERT [dbo].[ProductImages] ([image_id], [product_id], [code], [image], [level], [status], [created_at], [created_by], [modified_at], [modified_by]) VALUES (13, 4, N'070323PD42', N'ban-cau-inax-mot-khoi-ac-969vn.jpg', 2, 1, CAST(N'2023-03-07T04:21:56.027' AS DateTime), 1, CAST(N'2023-03-07T04:21:56.027' AS DateTime), 1)
INSERT [dbo].[ProductImages] ([image_id], [product_id], [code], [image], [level], [status], [created_at], [created_by], [modified_at], [modified_by]) VALUES (14, 5, N'070323PD51', N'vietnam-ban-cau-inax-2-khoi-c-108van-nap-dong-em.jpg', 1, 1, CAST(N'2023-03-07T04:23:46.773' AS DateTime), 1, CAST(N'2023-03-07T04:23:46.773' AS DateTime), 1)
INSERT [dbo].[ProductImages] ([image_id], [product_id], [code], [image], [level], [status], [created_at], [created_by], [modified_at], [modified_by]) VALUES (15, 6, N'070323PD61', N'c-504van.jpg', 1, 1, CAST(N'2023-03-07T04:51:00.893' AS DateTime), 1, CAST(N'2023-03-07T04:51:00.893' AS DateTime), 1)
INSERT [dbo].[ProductImages] ([image_id], [product_id], [code], [image], [level], [status], [created_at], [created_by], [modified_at], [modified_by]) VALUES (16, 6, N'070323PD62', N'inax-504.jpg', 2, 1, CAST(N'2023-03-07T04:51:00.930' AS DateTime), 1, CAST(N'2023-03-07T04:51:00.930' AS DateTime), 1)
INSERT [dbo].[ProductImages] ([image_id], [product_id], [code], [image], [level], [status], [created_at], [created_by], [modified_at], [modified_by]) VALUES (17, 6, N'070323PD63', N'Bon-cau-C504van-nap-dong-em.jpg', 2, 1, CAST(N'2023-03-07T04:51:00.963' AS DateTime), 1, CAST(N'2023-03-07T04:51:00.963' AS DateTime), 1)
INSERT [dbo].[ProductImages] ([image_id], [product_id], [code], [image], [level], [status], [created_at], [created_by], [modified_at], [modified_by]) VALUES (18, 6, N'070323PD64', N'c-504van.jpg', 2, 1, CAST(N'2023-03-07T04:51:00.997' AS DateTime), 1, CAST(N'2023-03-07T04:51:00.997' AS DateTime), 1)
INSERT [dbo].[ProductImages] ([image_id], [product_id], [code], [image], [level], [status], [created_at], [created_by], [modified_at], [modified_by]) VALUES (19, 8, N'070323PD81', N'vietnam-ban-cau-inax-2-khoi-c-504van-nap-dong-em.jpg', 1, 1, CAST(N'2023-03-07T04:58:31.443' AS DateTime), 1, CAST(N'2023-03-07T04:58:31.443' AS DateTime), 1)
INSERT [dbo].[ProductImages] ([image_id], [product_id], [code], [image], [level], [status], [created_at], [created_by], [modified_at], [modified_by]) VALUES (20, 8, N'070323PD82', N'c-504van.jpg', 2, 1, CAST(N'2023-03-07T04:58:31.480' AS DateTime), 1, CAST(N'2023-03-07T04:58:31.480' AS DateTime), 1)
INSERT [dbo].[ProductImages] ([image_id], [product_id], [code], [image], [level], [status], [created_at], [created_by], [modified_at], [modified_by]) VALUES (21, 9, N'230323PD11', N'vietnam-ban-cau-toto-1-khoi-ms636cdw12-nap-dien-tu.jpg', 1, 1, CAST(N'2023-03-23T04:45:24.073' AS DateTime), 1, CAST(N'2023-03-23T04:45:24.073' AS DateTime), 1)
INSERT [dbo].[ProductImages] ([image_id], [product_id], [code], [image], [level], [status], [created_at], [created_by], [modified_at], [modified_by]) VALUES (22, 10, N'230323PD21', N'vietnam-ban-cau-toto-1-khoi-ms636cdw12-nap-dien-tu.jpg', 1, 1, CAST(N'2023-03-23T04:49:06.673' AS DateTime), 1, CAST(N'2023-03-23T04:49:06.673' AS DateTime), 1)
INSERT [dbo].[ProductImages] ([image_id], [product_id], [code], [image], [level], [status], [created_at], [created_by], [modified_at], [modified_by]) VALUES (23, 11, N'230323PD31', N'ban-cau-toto-2-khoi-cs300drw7-nap-dien-tu.jpg', 1, 1, CAST(N'2023-03-23T04:51:33.697' AS DateTime), 1, CAST(N'2023-03-23T04:51:33.697' AS DateTime), 1)
INSERT [dbo].[ProductImages] ([image_id], [product_id], [code], [image], [level], [status], [created_at], [created_by], [modified_at], [modified_by]) VALUES (24, 11, N'230323PD32', N'vietnam-ban-cau-toto-1-khoi-ms636cdw12-nap-dien-tu.jpg', 2, 1, CAST(N'2023-03-23T04:51:33.717' AS DateTime), 1, CAST(N'2023-03-23T04:51:33.717' AS DateTime), 1)
INSERT [dbo].[ProductImages] ([image_id], [product_id], [code], [image], [level], [status], [created_at], [created_by], [modified_at], [modified_by]) VALUES (25, 12, N'230323PD41', N'ban-cau-toto-2-khoi-cs300drw7-nap-dien-tu.jpg', 1, 1, CAST(N'2023-03-23T04:52:24.830' AS DateTime), 1, CAST(N'2023-03-23T04:52:24.830' AS DateTime), 1)
INSERT [dbo].[ProductImages] ([image_id], [product_id], [code], [image], [level], [status], [created_at], [created_by], [modified_at], [modified_by]) VALUES (26, 12, N'230323PD42', N'vietnam-ban-cau-toto-1-khoi-ms636cdw12-nap-dien-tu.jpg', 2, 1, CAST(N'2023-03-23T04:52:24.850' AS DateTime), 1, CAST(N'2023-03-23T04:52:24.850' AS DateTime), 1)
INSERT [dbo].[ProductImages] ([image_id], [product_id], [code], [image], [level], [status], [created_at], [created_by], [modified_at], [modified_by]) VALUES (27, 13, N'230323PD51', N'bon-cau-dat-san-american-standard-3229b-wt-khong-kem-nap-510x510.jpg', 1, 1, CAST(N'2023-03-23T04:54:07.023' AS DateTime), 1, CAST(N'2023-03-23T04:54:07.023' AS DateTime), 1)
INSERT [dbo].[ProductImages] ([image_id], [product_id], [code], [image], [level], [status], [created_at], [created_by], [modified_at], [modified_by]) VALUES (28, 14, N'230323PD61', N'bon-cau-dat-san-american-standard-3229b-wt-khong-kem-nap-510x510.jpg', 1, 1, CAST(N'2023-03-23T04:54:40.310' AS DateTime), 1, CAST(N'2023-03-23T04:54:40.310' AS DateTime), 1)
INSERT [dbo].[ProductImages] ([image_id], [product_id], [code], [image], [level], [status], [created_at], [created_by], [modified_at], [modified_by]) VALUES (29, 15, N'230323PD71', N'bon-tam-toto-pjy1734pwe-mw.jpg', 1, 1, CAST(N'2023-03-23T04:56:19.517' AS DateTime), 1, CAST(N'2023-03-23T04:56:19.517' AS DateTime), 1)
INSERT [dbo].[ProductImages] ([image_id], [product_id], [code], [image], [level], [status], [created_at], [created_by], [modified_at], [modified_by]) VALUES (30, 16, N'230323PD81', N'bon-tam-toto-pay1735hvc-w-tvbf411.jpg', 1, 1, CAST(N'2023-03-23T04:57:10.337' AS DateTime), 1, CAST(N'2023-03-23T04:57:10.337' AS DateTime), 1)
INSERT [dbo].[ProductImages] ([image_id], [product_id], [code], [image], [level], [status], [created_at], [created_by], [modified_at], [modified_by]) VALUES (31, 18, N'230323PD101', N'bon-tam-toto-pay1735hvc-w-tvbf411.jpg', 1, 1, CAST(N'2023-03-23T04:58:32.037' AS DateTime), 1, CAST(N'2023-03-23T04:58:32.037' AS DateTime), 1)
INSERT [dbo].[ProductImages] ([image_id], [product_id], [code], [image], [level], [status], [created_at], [created_by], [modified_at], [modified_by]) VALUES (32, 21, N'010423PD11', N'sau-vat-nang.jpg', 1, 1, CAST(N'2023-04-01T10:14:11.273' AS DateTime), 3, CAST(N'2023-04-01T10:14:11.273' AS DateTime), 3)
SET IDENTITY_INSERT [dbo].[ProductImages] OFF
GO
SET IDENTITY_INSERT [dbo].[Products] ON 

INSERT [dbo].[Products] ([product_id], [cate_id], [brand_id], [code], [name], [url], [shortdescript], [description], [rating_star], [price], [out_of_stock], [status], [created_at], [created_by], [modified_at], [modified_by]) VALUES (1, 8, 2, N'070323PD1', N'Bàn Cầu Inax 2 Khối', N'ban-cau-inax-2-khoi-070323PD1', N'Bàn Cầu Inax 2 Khối AC-602VN Nắp Đóng Êm', N'<h2 style="text-rendering: optimizespeed; color: rgb(85, 85, 85); margin-bottom: 0.5em; width: 1050px; line-height: 1.3; font-size: 1.6em; font-family: Roboto, sans-serif;"><span style="font-weight: 700 !important;">Thông tin Bàn Cầu Inax 2 Khối AC-602VN Nắp Đóng Êm</span></h2><ul style="list-style-position: initial; list-style-image: initial; padding: 0px; margin-bottom: 1.3em; color: rgb(120, 120, 120); font-family: Roboto, sans-serif; font-size: 16px;"><li style="margin-bottom: 0.6em; margin-left: 32px;">Kích thước: 720x372x740 mm</li><li style="margin-bottom: 0.6em; margin-left: 32px;">Công nghệ Aqua CERAMIC chống bám bẩn</li><li style="margin-bottom: 0.6em; margin-left: 32px;">Thiết kế lòng bầu không vành dễ vệ sinh</li><li style="margin-bottom: 0.6em; margin-left: 32px;">Lượng nước xả: 4.5L/3L</li><li style="margin-bottom: 0.6em; margin-left: 32px;">Nắp đóng êm</li><li style="margin-bottom: 0.6em; margin-left: 32px;">Đường kính ống nước cấp Ø21, ống thải chờ Ø110</li><li style="margin-bottom: 0.6em; margin-left: 32px;">Đã bao gồm van vặn khóa</li></ul><h3 style="text-rendering: optimizespeed; color: rgb(85, 85, 85); margin-bottom: 0.5em; width: 1050px; font-size: 1.25em; font-family: Roboto, sans-serif;"><span style="font-weight: 700 !important;">Về Thương hiệu Inax</span></h3><p style="margin-bottom: 1.3em; color: rgb(120, 120, 120); font-family: Roboto, sans-serif; font-size: 16px;">Inax là thương hiệu thiết bị vệ sinh-nội thất uy tín đến từ Nhật Bản. Inax tại thị trường Việt Nam đã có quá trình phát triển trên 24 năm và đạt được những thành tựu vô cùng lớn. Lựa chọn thương hiệu Inax cho các công trình là lựa chọn thông minh nhất của người sử dụng.</p>', 0, 2923000, 1, 1, CAST(N'2023-03-07T04:14:32.720' AS DateTime), 1, CAST(N'2023-03-07T04:14:32.720' AS DateTime), 1)
INSERT [dbo].[Products] ([product_id], [cate_id], [brand_id], [code], [name], [url], [shortdescript], [description], [rating_star], [price], [out_of_stock], [status], [created_at], [created_by], [modified_at], [modified_by]) VALUES (2, 8, 2, N'070323PD2', N'Bồn Cầu Inax giá rẻ 1 Khối', N'bon-cau-inax-gia-re-1-khoi-070323PD2', N'Kích thước	72.7 × 39.4 × 65.3 cm', N'<div style="margin: 0px; padding: 0px; border: 0px; background: transparent; outline: 0px; vertical-align: top; color: rgb(51, 51, 51); font-family: Arial, sans-serif; font-size: 14px;"><span style="margin: 0px; padding: 0px; border: 0px; background: transparent; font-weight: inherit; outline: 0px; vertical-align: top; font-size: 13.3333px; font-family: Arial;">Bàn cầu 1 khối 3D Zento BC3982</span></div><div style="margin: 0px; padding: 0px; border: 0px; background: transparent; outline: 0px; vertical-align: top; color: rgb(51, 51, 51); font-family: Arial, sans-serif; font-size: 14px;"><span style="margin: 0px; padding: 0px; border: 0px; background: transparent; font-weight: inherit; outline: 0px; vertical-align: top; font-size: 10pt; font-family: Arial;">- Kiểu dáng sang trọng hiện đại.</span></div><div style="margin: 0px; padding: 0px; border: 0px; background: transparent; outline: 0px; vertical-align: top; color: rgb(51, 51, 51); font-family: Arial, sans-serif; font-size: 14px;"><span style="margin: 0px; padding: 0px; border: 0px; background: transparent; font-weight: inherit; outline: 0px; vertical-align: top; font-size: 10pt; font-family: Arial;">- Chất liệu sứ cao cấp, hoàn hảo dài lâu trong suốt quá trình sử dụng.</span></div><div style="margin: 0px; padding: 0px; border: 0px; background: transparent; outline: 0px; vertical-align: top; color: rgb(51, 51, 51); font-family: Arial, sans-serif; font-size: 14px;"><span style="margin: 0px; padding: 0px; border: 0px; background: transparent; font-weight: inherit; outline: 0px; vertical-align: top; font-size: 10pt; font-family: Arial;">- Bộ van xả dạng ống cải tiến thay thế cho bộ van xả nước dạng nắp bật truyền thống, tạo dòng nước xả xoáy 360 độ, dòng nước ổn định gia tăng lượng nước chảy và tốc độ dòng chảy nhanh giúp bồn cầu sạch hoàn hảo sau mỗi lần nhấn xả.</span></div><div style="margin: 0px; padding: 0px; border: 0px; background: transparent; outline: 0px; vertical-align: top; color: rgb(51, 51, 51); font-family: Arial, sans-serif; font-size: 14px;"><span style="margin: 0px; padding: 0px; border: 0px; background: transparent; font-weight: inherit; outline: 0px; vertical-align: top; font-size: 10pt; font-family: Arial;">- Nắp &amp; bệ ngồi bằng nhựa cao cấp vơi bản lề cực kỳ chắn chắn cho người dùng có tư thế ngồi cân đối &amp; thoải mái .</span></div><div style="margin: 0px; padding: 0px; border: 0px; background: transparent; outline: 0px; vertical-align: top; color: rgb(51, 51, 51); font-family: Arial, sans-serif; font-size: 14px;"><span style="margin: 0px; padding: 0px; border: 0px; background: transparent; font-weight: inherit; outline: 0px; vertical-align: top; font-size: 10pt; font-family: Arial;">- Nắp ngồi đóng êm vừa tiện lợi vừa đảm bảo độ bền lâu dài cho sản phẩm.</span></div>', 0, 3937000, 1, 1, CAST(N'2023-03-07T04:17:01.450' AS DateTime), 1, CAST(N'2023-03-07T04:17:01.450' AS DateTime), 1)
INSERT [dbo].[Products] ([product_id], [cate_id], [brand_id], [code], [name], [url], [shortdescript], [description], [rating_star], [price], [out_of_stock], [status], [created_at], [created_by], [modified_at], [modified_by]) VALUES (3, 8, 2, N'070323PD3', N'Bồn Cầu Inax 504', N'bon-cau-inax-504-070323PD3', N'Kích thước	75.6 × 39 × 72.7 cm', N'<h2 style="text-rendering: optimizespeed; color: rgb(85, 85, 85); margin-bottom: 0.5em; width: 1050px; line-height: 1.3; font-size: 1.6em; font-family: Roboto, sans-serif;">1. Mô Tả Bồn Cầu Inax 504 (C-504VAN) Nắp Đóng Êm</h2><p style="margin-bottom: 1.3em; color: rgb(120, 120, 120); font-family: Roboto, sans-serif; font-size: 16px;"><span style="font-weight: 700 !important;">Bồn Cầu Inax 504</span>&nbsp;<span style="font-weight: 700 !important;">(C-504VAN)</span>&nbsp; thuộc dòng sản phẩm&nbsp;<span style="font-weight: 700 !important;">Inax 504</span>&nbsp;là loại&nbsp;<a title="thiết bị vệ sinh bồn cầu" href="https://noithatrakhoi.com/bon-cau/bon-cau-inax/bon-cau-inax-2-khoi.html#tphcm" style="touch-action: manipulation; color: rgb(0, 0, 255);"><span style="font-weight: 700 !important;">bồn cầu inax 2 khối</span></a>&nbsp;được nhiều người tiêu dùng Việt lựa chọn. Bởi kiểu dáng sang trọng nhỏ gọn phù hợp với diện tích<span style="font-weight: 700 !important;">&nbsp;phòng tắm</span>&nbsp;và<span style="font-weight: 700 !important;">&nbsp;nhà vệ sinh</span>&nbsp;có không gian vừa và nhỏ.&nbsp;<span style="font-weight: 700 !important;">Bệt Inax 504</span>&nbsp;có bề mặt tráng men vượt trội, dễ dàng để nước cuốn trôi vết bẩn. Không cần phải tốn nhiều thời gian và công sức để lau chùi vệ sinh mà vẫn sạch sẽ, an tâm sử dụng. Còn với giá cả phải nói là không thể nào có thể hợp lý hơn.</p><h3 style="text-rendering: optimizespeed; color: rgb(85, 85, 85); margin-bottom: 0.5em; width: 1050px; font-size: 1.25em; font-family: Roboto, sans-serif;">Về thương hiệu Inax</h3><p style="margin-bottom: 1.3em; color: rgb(120, 120, 120); font-family: Roboto, sans-serif; font-size: 16px;">Inax là thương hiệu&nbsp;<span style="font-weight: 700 !important;">thiết bị vệ sinh</span>, vật liệu xây dựng hàng đầu Nhật Bản. Đã gắn bó với người tiêu dùng Việt trong suốt 24 năm qua. Sản phẩm thiết bị vệ sinh Inax không ngừng phục vụ và làm hài lòng người tiêu dùng Việt Nam. Có thể nói rằng giá cả và chất lượng của bàn cầu Inax không thể chê vào đâu được.</p><h2 style="text-rendering: optimizespeed; color: rgb(85, 85, 85); margin-bottom: 0.5em; width: 1050px; line-height: 1.3; font-size: 1.6em; font-family: Roboto, sans-serif;">2. Thông số kĩ thuật bồn cầu Inax C504</h2><table style="border-color: rgb(236, 236, 236); border-spacing: 0px; margin-bottom: 1em; width: 1050px; color: rgb(120, 120, 120); font-family: Roboto, sans-serif; font-size: 16px;"><tbody><tr><td style="border-bottom-width: 1px; border-bottom-color: rgb(236, 236, 236); font-size: 0.9em; line-height: 1.3; padding: 0.5em 0.5em 0.5em 0px; color: rgb(102, 102, 102);">Mã sản phẩm (Model Number)</td><td style="border-bottom-width: 1px; border-bottom-color: rgb(236, 236, 236); font-size: 0.9em; line-height: 1.3; padding: 0.5em 0px 0.5em 0.5em; color: rgb(102, 102, 102);">C-504VAN</td></tr><tr><td style="border-bottom-width: 1px; border-bottom-color: rgb(236, 236, 236); font-size: 0.9em; line-height: 1.3; padding: 0.5em 0.5em 0.5em 0px; color: rgb(102, 102, 102);">Công nghệ</td><td style="border-bottom-width: 1px; border-bottom-color: rgb(236, 236, 236); font-size: 0.9em; line-height: 1.3; padding: 0.5em 0px 0.5em 0.5em; color: rgb(102, 102, 102);">Công nghệ VORTEX FLUSH (Công nghệ xả VORTEX FLUSH, với kỹ thuật tạo đường dẫn nước thành vòng xoáy, dễ dàng cuốn trôi vết bẩn và chất thải chỉ trong một lần nhấn nút, tiết kiệm nước<p style="margin: 0.5em 0px;">cho mỗi lần sử dụng)</p></td></tr><tr><td style="border-bottom-width: 1px; border-bottom-color: rgb(236, 236, 236); font-size: 0.9em; line-height: 1.3; padding: 0.5em 0.5em 0.5em 0px; color: rgb(102, 102, 102);">Lượng nước xả (Lít)</td><td style="border-bottom-width: 1px; border-bottom-color: rgb(236, 236, 236); font-size: 0.9em; line-height: 1.3; padding: 0.5em 0px 0.5em 0.5em; color: rgb(102, 102, 102);">Xả đại 4.8L, Xả tiểu 3.0L</td></tr><tr><td style="border-bottom-width: 1px; border-bottom-color: rgb(236, 236, 236); font-size: 0.9em; line-height: 1.3; padding: 0.5em 0.5em 0.5em 0px; color: rgb(102, 102, 102);">Hệ thống xả</td><td style="border-bottom-width: 1px; border-bottom-color: rgb(236, 236, 236); font-size: 0.9em; line-height: 1.3; padding: 0.5em 0px 0.5em 0.5em; color: rgb(102, 102, 102);">Xả xi-phông</td></tr><tr><td style="border-bottom-width: 1px; border-bottom-color: rgb(236, 236, 236); font-size: 0.9em; line-height: 1.3; padding: 0.5em 0.5em 0.5em 0px; color: rgb(102, 102, 102);">Tâm xả</td><td style="border-bottom-width: 1px; border-bottom-color: rgb(236, 236, 236); font-size: 0.9em; line-height: 1.3; padding: 0.5em 0px 0.5em 0.5em; color: rgb(102, 102, 102);">300mm</td></tr><tr><td style="border-bottom-width: 1px; border-bottom-color: rgb(236, 236, 236); font-size: 0.9em; line-height: 1.3; padding: 0.5em 0.5em 0.5em 0px; color: rgb(102, 102, 102);">Kiểu xả</td><td style="border-bottom-width: 1px; border-bottom-color: rgb(236, 236, 236); font-size: 0.9em; line-height: 1.3; padding: 0.5em 0px 0.5em 0.5em; color: rgb(102, 102, 102);">Xả Nhấn siêu tiết kiệm nước</td></tr><tr><td style="border-bottom-width: 1px; border-bottom-color: rgb(236, 236, 236); font-size: 0.9em; line-height: 1.3; padding: 0.5em 0.5em 0.5em 0px; color: rgb(102, 102, 102);">Loại nắp đóng</td><td style="border-bottom-width: 1px; border-bottom-color: rgb(236, 236, 236); font-size: 0.9em; line-height: 1.3; padding: 0.5em 0px 0.5em 0.5em; color: rgb(102, 102, 102);">Nắp đóng êm, kín và khít, không gây tiếng ồn</td></tr><tr><td style="border-bottom-width: 1px; border-bottom-color: rgb(236, 236, 236); font-size: 0.9em; line-height: 1.3; padding: 0.5em 0.5em 0.5em 0px; color: rgb(102, 102, 102);">Kích thước (mm)</td><td style="border-bottom-width: 1px; border-bottom-color: rgb(236, 236, 236); font-size: 0.9em; line-height: 1.3; padding: 0.5em 0px 0.5em 0.5em; color: rgb(102, 102, 102);">Dài x Cao x Rộng&nbsp; (756 x 390 x 727)</td></tr><tr><td style="border-bottom-width: 1px; border-bottom-color: rgb(236, 236, 236); font-size: 0.9em; line-height: 1.3; padding: 0.5em 0.5em 0.5em 0px; color: rgb(102, 102, 102);">Màu sắc</td><td style="border-bottom-width: 1px; border-bottom-color: rgb(236, 236, 236); font-size: 0.9em; line-height: 1.3; padding: 0.5em 0px 0.5em 0.5em; color: rgb(102, 102, 102);">Trắng</td></tr><tr><td style="border-bottom-width: 1px; border-bottom-color: rgb(236, 236, 236); font-size: 0.9em; line-height: 1.3; padding: 0.5em 0.5em 0.5em 0px; color: rgb(102, 102, 102);">Xuất xứ</td><td style="border-bottom-width: 1px; border-bottom-color: rgb(236, 236, 236); font-size: 0.9em; line-height: 1.3; padding: 0.5em 0px 0.5em 0.5em; color: rgb(102, 102, 102);">Nhập khẩu và lắp ráp tại Việt Nam</td></tr></tbody></table><p style="margin-bottom: 1.3em; color: rgb(120, 120, 120); font-family: Roboto, sans-serif; font-size: 16px;">Đã bao gồm đế thải nước PT-B102. Bao gồm van chặn nước A-703-7</p><h2 style="text-rendering: optimizespeed; color: rgb(85, 85, 85); margin-bottom: 0.5em; width: 1050px; line-height: 1.3; font-size: 1.6em; font-family: Roboto, sans-serif;">3. Tính năng nổi bật của bồn cầu Inax 504vtn</h2><ul style="list-style-position: initial; list-style-image: initial; padding: 0px; margin-bottom: 1.3em; color: rgb(120, 120, 120); font-family: Roboto, sans-serif; font-size: 16px;"><li style="margin-bottom: 0.6em; margin-left: 32px;">Thiết kế tinh tế, gọn nhẹ, kiểu dáng hiện đại</li><li style="margin-bottom: 0.6em; margin-left: 32px;">Sản phẩm được làm từ các chất liệu tiêu chuẩn, an toàn với sức khỏe người sử dụng, có tính vệ sinh, kháng khuẩn cao, đạt tiêu chuẩn chất lượng quốc tế ISO-9001 và tiêu chuẩn quốc tế về quản lý môi trường ISO-14001</li><li style="margin-bottom: 0.6em; margin-left: 32px;">Chỉ mất tối đa 5L nước cho 1 lần xả đại và 3L nước cho 1 lần xả tiêu, giúp tiết kiệm tối đa tài nguyên nước</li><li style="margin-bottom: 0.6em; margin-left: 32px;">Được tích hợp kỹ thuật xả xoáy với 2 nút nhấn nhẹ và rất bền với thời gian</li><li style="margin-bottom: 0.6em; margin-left: 32px;">Bàn cầu Inax sử dụng nắp đóng êm nên không gây ra tiếng động ồn ào, gây ảnh hưởng tới người sử dụng</li></ul><h3 style="text-rendering: optimizespeed; color: rgb(85, 85, 85); margin-bottom: 0.5em; width: 1050px; font-size: 1.25em; font-family: Roboto, sans-serif;">Cải tiến mới của bàn cầu C504VAN</h3><ul style="list-style-position: initial; list-style-image: initial; padding: 0px; margin-bottom: 1.3em; color: rgb(120, 120, 120); font-family: Roboto, sans-serif; font-size: 16px;"><li style="margin-bottom: 0.6em; margin-left: 32px;"><span style="font-weight: 700 !important;">Cải tiến chiều cao</span>: để tạo cảm giác thoải mái khi sử dụng hãng đã tăng chiều cao lên 15mm</li><li style="margin-bottom: 0.6em; margin-left: 32px;"><span style="font-weight: 700 !important;">Thiết kế thông minh</span>: tối giản các góc cạnh giúp đường nét bệt vệ sinh 504 gọn nhẹ hơn</li><li style="margin-bottom: 0.6em; margin-left: 32px;"><span style="font-weight: 700 !important;">Tiết kiệm nước</span>: với công nghệ xả xoáy Vortex xả rửa hiệu quả, hạn chế lượng nước thải ra.</li></ul><h2 style="text-rendering: optimizespeed; color: rgb(85, 85, 85); margin-bottom: 0.5em; width: 1050px; line-height: 1.3; font-size: 1.6em; font-family: Roboto, sans-serif;">4. Bản vẽ kỹ thuật bồn cầu Inax 504vtn</h2><p style="margin-bottom: 1.3em; color: rgb(120, 120, 120); font-family: Roboto, sans-serif; font-size: 16px;">Bạn nên tham khảo kích thước và hình dạng của các thiết bị vệ sinh trước khi quyết định mua sản phẩm để phù hợp với không gian và style của ngôi nhà bạn nhé.</p><p style="text-align: center; margin-bottom: 1.3em; color: rgb(120, 120, 120); font-family: Roboto, sans-serif; font-size: 16px;"><img style="width: 450px;" src="data:image/jpeg;base64,/9j/7gAOQWRvYmUAZAAAAAAB/+EcMkV4aWYAAE1NACoAAAAIABEBDgACAAAAIwAACOYBEgADAAAAAQABAAABGgAFAAAAAQAACQoBGwAFAAAAAQAACRIBKAADAAAAAQACAAABMQACAAAAHwAACRoBMgACAAAAFAAACToBOwACAAAAGwAACU5HRgADAAAAAQAFAABHSQADAAAAAQBjAACCmAACAAAAGwAACWqHaQAEAAAAAQAACYacmwABAAAARgAAEcqcnAABAAAAuAAAEhCcnQABAAAANgAAEsicnwABAAAARgAAEv7qHAAHAAAIDAAAANoAABNEHOoAAAAIAAAAAAAAAAAAAAAAAAAAAAAAAAAAAAAAAAAAAAAAAAAAAAAAAAAAAAAAAAAAAAAAAAAAAAAAAAAAAAAAAAAAAAAAAAAAAAAAAAAAAAAAAAAAAAAAAAAAAAAAAAAAAAAAAAAAAAAAAAAAAAAAAAAAAAAAAAAAAAAAAAAAAAAAAAAAAAAAAAAAAAAAAAAAAAAAAAAAAAAAAAAAAAAAAAAAAAAAAAAAAAAAAAAAAAAAAAAAAAAAAAAAAAAAAAAAAAAAAAAAAAAAAAAAAAAAAAAAAAAAAAAAAAAAAAAAAAAAAAAAAAAAAAAAAAAAAAAAAAAAAAAAAAAAAAAAAAAAAAAAAAAAAAAAAAAAAAAAAAAAAAAAAAAAAAAAAAAAAAAAAAAAAAAAAAAAAAAAAAAAAAAAAAAAAAAAAAAAAAAAAAAAAAAAAAAAAAAAAAAAAAAAAAAAAAAAAAAAAAAAAAAAAAAAAAAAAAAAAAAAAAAAAAAAAAAAAAAAAAAAAAAAAAAAAAAAAAAAAAAAAAAAAAAAAAAAAAAAAAAAAAAAAAAAAAAAAAAAAAAAAAAAAAAAAAAAAAAAAAAAAAAAAAAAAAAAAAAAAAAAAAAAAAAAAAAAAAAAAAAAAAAAAAAAAAAAAAAAAAAAAAAAAAAAAAAAAAAAAAAAAAAAAAAAAAAAAAAAAAAAAAAAAAAAAAAAAAAAAAAAAAAAAAAAAAAAAAAAAAAAAAAAAAAAAAAAAAAAAAAAAAAAAAAAAAAAAAAAAAAAAAAAAAAAAAAAAAAAAAAAAAAAAAAAAAAAAAAAAAAAAAAAAAAAAAAAAAAAAAAAAAAAAAAAAAAAAAAAAAAAAAAAAAAAAAAAAAAAAAAAAAAAAAAAAAAAAAAAAAAAAAAAAAAAAAAAAAAAAAAAAAAAAAAAAAAAAAAAAAAAAAAAAAAAAAAAAAAAAAAAAAAAAAAAAAAAAAAAAAAAAAAAAAAAAAAAAAAAAAAAAAAAAAAAAAAAAAAAAAAAAAAAAAAAAAAAAAAAAAAAAAAAAAAAAAAAAAAAAAAAAAAAAAAAAAAAAAAAAAAAAAAAAAAAAAAAAAAAAAAAAAAAAAAAAAAAAAAAAAAAAAAAAAAAAAAAAAAAAAAAAAAAAAAAAAAAAAAAAAAAAAAAAAAAAAAAAAAAAAAAAAAAAAAAAAAAAAAAAAAAAAAAAAAAAAAAAAAAAAAAAAAAAAAAAAAAAAAAAAAAAAAAAAAAAAAAAAAAAAAAAAAAAAAAAAAAAAAAAAAAAAAAAAAAAAAAAAAAAAAAAAAAAAAAAAAAAAAAAAAAAAAAAAAAAAAAAAAAAAAAAAAAAAAAAAAAAAAAAAAAAAAAAAAAAAAAAAAAAAAAAAAAAAAAAAAAAAAAAAAAAAAAAAAAAAAAAAAAAAAAAAAAAAAAAAAAAAAAAAAAAAAAAAAAAAAAAAAAAAAAAAAAAAAAAAAAAAAAAAAAAAAAAAAAAAAAAAAAAAAAAAAAAAAAAAAAAAAAAAAAAAAAAAAAAAAAAAAAAAAAAAAAAAAAAAAAAAAAAAAAAAAAAAAAAAAAAAAAAAAAAAAAAAAAAAAAAAAAAAAAAAAAAAAAAAAAAAAAAAAAAAAAAAAAAAAAAAAAAAAAAAAAAAAAAAAAAAAAAAAAAAAAAAAAAAAAAAAAAAAAAAAAAAAAAAAAAAAAAAAAAAAAAAAAAAAAAAAAAAAAAAAAAAAAAAAAAAAAAAAAAAAAAAAAAAAAAAAAAAAAAAAAAAAAAAAAAAAAAAAAAAAAAAAAAAAAAAAAAAAAAAAAAAAAAAAAAAAAAAAAAAAAAAAAAAAAAAAAAAAAAAAAAAAAAAAAAAAAAAAAAAAAAAAAAAAAAAAAAAAAAAAAAAAAAAAAAAAAAAAAAAAAAAAAAAAAAAAAAAAAAAAAAAAAAAAAAAAAAAAAAAAAAAAAAAAAAAAAAAAAAAAAAAAAAAAAAAAAAAAAAAAAAAAAAAAAAAAAAAAAAAAAAAAAAAAAAAAAAAAAAAAAAAAAAAAAAAAAAAAAAAAAAAAAAAAAAAAAAAAAAAAAAAAAAAAAAAAAAAAAAAAAAAAAAAAAAAAAAAAAAAAAAAAAAAAAAAAAAAAAAAAAAAAAAAAAAAAAAAAAAAAAAAAAAAAAAAAAAAAAAAAAAAAAAAAAAAAAAAAAAAAAAAAAAAAAAAAAAAAAAAAAAAAAAAAAAAAAAAAAAAAAAAAAAAAAAAAAAAAAAAAAAAAAAAAAAAAAAAAAAAAAAAAAAAAAAAAAAAAAAAAAAAAAAAAAAAAAAAAAAAAAAAAAAAAAAAAAAAAAAAAAAAAAAAAAAAAAAAAAAAAAAAAAAAAAAAAAAAAAAAAAAAAAAAAAAAAAAAAAAAAAAAAAAAAAAAAAAAAAAAAAAAAAAAAAAAAAAAAAAAAAAAAAAAAAAAAAAAAAAAAAAAAAAAAAAAAAAAAAAAAAAAAAAAAAAAAAAAAAAAAAAAAAAAAAAAAAAAAAAAAAAAAAAAAAAAAAAAAAAAAAAAAAAAAAAAAAAAAAAAAAAAAAAAAAAAAAAAAAAAAAAAAAAAAAAAAAAAAAAAAAAAAAAAAAAAAAAAAAAAAAAAAAAAAAAAAAAAAAAAAAAAAAAAAAAAAAAAAAAAAAAAAAAAAAAAAAAAAAAAAAAAAAAAAAAAAAAAAAAAAAAAAAAAAAAAAAAAAAAAAAAAAAAAAAAAAAAAAAAAAAAAAAAAAAAAAAAAAAAAAAAAAAAAAAAAAAAABiYW4tY2F1LWluYXgtbW90LWtob2ktYWMtOTY5dm4uanBnAAAACvyAAAAnEAAK/IAAACcQQWRvYmUgUGhvdG9zaG9wIDIxLjAgKFdpbmRvd3MpAAAyMDE5OjEyOjIwIDE0OjU1OjA2AGh0dHBzOi8vbm9pdGhhdHJha2hvaS5jb20vAABodHRwczovL25vaXRoYXRyYWtob2kuY29tLwAAAASgAQADAAAAAQABAACgAgAEAAAAAQAAAcKgAwAEAAAAAQAAAcLqHAAHAAAIDAAACbwAAAAAHOoAAAAIAAAAAAAAAAAAAAAAAAAAAAAAAAAAAAAAAAAAAAAAAAAAAAAAAAAAAAAAAAAAAAAAAAAAAAAAAAAAAAAAAAAAAAAAAAAAAAAAAAAAAAAAAAAAAAAAAAAAAAAAAAAAAAAAAAAAAAAAAAAAAAAAAAAAAAAAAAAAAAAAAAAAAAAAAAAAAAAAAAAAAAAAAAAAAAAAAAAAAAAAAAAAAAAAAAAAAAAAAAAAAAAAAAAAAAAAAAAAAAAAAAAAAAAAAAAAAAAAAAAAAAAAAAAAAAAAAAAAAAAAAAAAAAAAAAAAAAAAAAAAAAAAAAAAAAAAAAAAAAAAAAAAAAAAAAAAAAAAAAAAAAAAAAAAAAAAAAAAAAAAAAAAAAAAAAAAAAAAAAAAAAAAAAAAAAAAAAAAAAAAAAAAAAAAAAAAAAAAAAAAAAAAAAAAAAAAAAAAAAAAAAAAAAAAAAAAAAAAAAAAAAAAAAAAAAAAAAAAAAAAAAAAAAAAAAAAAAAAAAAAAAAAAAAAAAAAAAAAAAAAAAAAAAAAAAAAAAAAAAAAAAAAAAAAAAAAAAAAAAAAAAAAAAAAAAAAAAAAAAAAAAAAAAAAAAAAAAAAAAAAAAAAAAAAAAAAAAAAAAAAAAAAAAAAAAAAAAAAAAAAAAAAAAAAAAAAAAAAAAAAAAAAAAAAAAAAAAAAAAAAAAAAAAAAAAAAAAAAAAAAAAAAAAAAAAAAAAAAAAAAAAAAAAAAAAAAAAAAAAAAAAAAAAAAAAAAAAAAAAAAAAAAAAAAAAAAAAAAAAAAAAAAAAAAAAAAAAAAAAAAAAAAAAAAAAAAAAAAAAAAAAAAAAAAAAAAAAAAAAAAAAAAAAAAAAAAAAAAAAAAAAAAAAAAAAAAAAAAAAAAAAAAAAAAAAAAAAAAAAAAAAAAAAAAAAAAAAAAAAAAAAAAAAAAAAAAAAAAAAAAAAAAAAAAAAAAAAAAAAAAAAAAAAAAAAAAAAAAAAAAAAAAAAAAAAAAAAAAAAAAAAAAAAAAAAAAAAAAAAAAAAAAAAAAAAAAAAAAAAAAAAAAAAAAAAAAAAAAAAAAAAAAAAAAAAAAAAAAAAAAAAAAAAAAAAAAAAAAAAAAAAAAAAAAAAAAAAAAAAAAAAAAAAAAAAAAAAAAAAAAAAAAAAAAAAAAAAAAAAAAAAAAAAAAAAAAAAAAAAAAAAAAAAAAAAAAAAAAAAAAAAAAAAAAAAAAAAAAAAAAAAAAAAAAAAAAAAAAAAAAAAAAAAAAAAAAAAAAAAAAAAAAAAAAAAAAAAAAAAAAAAAAAAAAAAAAAAAAAAAAAAAAAAAAAAAAAAAAAAAAAAAAAAAAAAAAAAAAAAAAAAAAAAAAAAAAAAAAAAAAAAAAAAAAAAAAAAAAAAAAAAAAAAAAAAAAAAAAAAAAAAAAAAAAAAAAAAAAAAAAAAAAAAAAAAAAAAAAAAAAAAAAAAAAAAAAAAAAAAAAAAAAAAAAAAAAAAAAAAAAAAAAAAAAAAAAAAAAAAAAAAAAAAAAAAAAAAAAAAAAAAAAAAAAAAAAAAAAAAAAAAAAAAAAAAAAAAAAAAAAAAAAAAAAAAAAAAAAAAAAAAAAAAAAAAAAAAAAAAAAAAAAAAAAAAAAAAAAAAAAAAAAAAAAAAAAAAAAAAAAAAAAAAAAAAAAAAAAAAAAAAAAAAAAAAAAAAAAAAAAAAAAAAAAAAAAAAAAAAAAAAAAAAAAAAAAAAAAAAAAAAAAAAAAAAAAAAAAAAAAAAAAAAAAAAAAAAAAAAAAAAAAAAAAAAAAAAAAAAAAAAAAAAAAAAAAAAAAAAAAAAAAAAAAAAAAAAAAAAAAAAAAAAAAAAAAAAAAAAAAAAAAAAAAAAAAAAAAAAAAAAAAAAAAAAAAAAAAAAAAAAAAAAAAAAAAAAAAAAAAAAAAAAAAAAAAAAAAAAAAAAAAAAAAAAAAAAAAAAAAAAAAAAAAAAAAAAAAAAAAAAAAAAAAAAAAAAAAAAAAAAAAAAAAAAAAAAAAAAAAAAAAAAAAAAAAAAAAAAAAAAAAAAAAAAAAAAAAAAAAAAAAAAAAAAAAAAAAAAAAAAAAAAAAAAAAAAAAAAAAAAAAAAAAAAAAAAAAAAAAAAAAAAAAAAAAAAAAAAAAAAAAAAAAAAAAAAAAAAAAAAAAAAAAAAAAAAAAAAAAAAAAAAAAAAAAAAAAAAAAAAAAAAAAAAAAAAAAAAAAAAAAAAAAAAAAAAAAAAAAAAAAAAAAAAAAAAAAAAAAAAAAAAAAAAAAAAAAAAAAAAAAAAAAAAAAAAAAAAAAAAAAAAAAAAAAAAAAAAAAAAAAAAAAAAAAAAAAAAAAAAAAAAAAAAAAAAAAAAAAAAAAAAAAAAAAAAAAAAAAAAAAAAAAAAAAAAAAAAAAAAAAAAAAAAAAAAAAAAAAAAAAAAAAAAAAAAAAAAAAAAAAAAAAAAAAAAAAAAAAAAAAAAAAAAAAAAAAAAAAAAAAAAAAAAAAAAAAAAAAAAAAAAAAAAAAAAAAAAAAAAAAAAAAAAAAAAAAAAAAAAAAAAAAAAAAAAAAAAAAAAAAAAAAAAAAAAAAAAAAAAAAAAAAAAAAAAAAAAAAAAAAAAAAAAAAAAAAAAAAAAAAAAAAAAAAAAAAAAAAAAAAAAAAAAAAAAAAAAAAAAAAAAAAAAAAAAAAAAAAAAAAAAAAAAAAAAAAAAAAAAAAAAAAAAAAAAAAAAAAAAAAAAAAAAAAAAAAAAAAAAAAAAAAAAAAAAAAAAAAAGIAYQBuAC0AYwBhAHUALQBpAG4AYQB4AC0AbQBvAHQALQBrAGgAbwBpAC0AYQBjAC0AOQA2ADkAdgBuAC4AagBwAGcAAABOANkeaQAgAFQAaAClHnQAIABSAGEAIABLAGgAoQFpADsAQQBkAGQAcgBlAHMAcwA6ADUAOQAyACAATABpAOoAbgAgAFAAaACwAd0ebgBnACwAIABQAC4AIABQAGgA+gAgAEgA7x51ACwAIABRAC4AIAA5ACwAIABUAHAALgAgAEgAQwBNADsAcABoAG8AbgBlACAAbgB1AG0AYgBlAHIAOgAwADkANwAxADYAMAA2ADUANgA1AAAAaAB0AHQAcABzADoALwAvAG4AbwBpAHQAaABhAHQAcgBhAGsAaABvAGkALgBjAG8AbQAvAAAAYgBhAG4ALQBjAGEAdQAtAGkAbgBhAHgALQBtAG8AdAAtAGsAaABvAGkALQBhAGMALQA5ADYAOQB2AG4ALgBqAHAAZwAAAAAGAQMAAwAAAAEABgAAARoABQAAAAEAABOSARsABQAAAAEAABOaASgAAwAAAAEAAgAAAgEABAAAAAEAABOiAgIABAAAAAEAAAiIAAAAAAAAAEgAAAABAAAASAAAAAH/2P/bAEMACAYGBwYFCAcHBwkJCAoMFA0MCwsMGRITDxQdGh8eHRocHCAkLicgIiwjHBwoNyksMDE0NDQfJzk9ODI8LjM0Mv/bAEMBCQkJDAsMGA0NGDIhHCEyMjIyMjIyMjIyMjIyMjIyMjIyMjIyMjIyMjIyMjIyMjIyMjIyMjIyMjIyMjIyMjIyMv/AABEIAKAAoAMBIQACEQEDEQH/xAAfAAABBQEBAQEBAQAAAAAAAAAAAQIDBAUGBwgJCgv/xAC1EAACAQMDAgQDBQUEBAAAAX0BAgMABBEFEiExQQYTUWEHInEUMoGRoQgjQrHBFVLR8CQzYnKCCQoWFxgZGiUmJygpKjQ1Njc4OTpDREVGR0hJSlNUVVZXWFlaY2RlZmdoaWpzdHV2d3h5eoOEhYaHiImKkpOUlZaXmJmaoqOkpaanqKmqsrO0tba3uLm6wsPExcbHyMnK0tPU1dbX2Nna4eLj5OXm5+jp6vHy8/T19vf4+fr/xAAfAQADAQEBAQEBAQEBAAAAAAAAAQIDBAUGBwgJCgv/xAC1EQACAQIEBAMEBwUEBAABAncAAQIDEQQFITEGEkFRB2FxEyIygQgUQpGhscEJIzNS8BVictEKFiQ04SXxFxgZGiYnKCkqNTY3ODk6Q0RFRkdISUpTVFVWV1hZWmNkZWZnaGlqc3R1dnd4eXqCg4SFhoeIiYqSk5SVlpeYmZqio6Slpqeoqaqys7S1tre4ubrCw8TFxsfIycrS09TV1tfY2dri4+Tl5ufo6ery8/T19vf4+fr/2gAMAwEAAhEDEQA/APf6KACigAooAKKACigAooAKKACigAooAKKACigAooAKKACigAooAKKACigAooAKKACigAooAKKACigAooAhmlEMe8gnsAPWqbX0j/6tVX9TQBEZZzz5rf8AfWKhGreVdpatdW5uGXcsDyL5hX1C/eP5UAX477LFWibI67OcfUdqsJcRv0OPrxQBNRQAUUAFFABRQAUUAFFABRQBS1A4tGbLAAgkouT+WDms/fNwSkM6nkH7jY/Hj9RQA4yW6/6xpLU/9NV+X/vrp+tR3mlW2o24jvbO2vYDyBIiyL+G4fyNAFaz0PSbF08uKQeWcxJPcyusR/2FdiF+grZCZ56+9ADseX/Ey+1TRvJ/dyPU8UAT0UAFFABRQAUUAFFABRQBWvBm2b6j+dZpoAmjcheO/WozbW+5nRPKY9WiYxn9MZ/GgCvKJ0+5dZH92WMN+q4NUzLcoVxEoP8Aeilx+hAoA1rRrjyV+WOMnu7bz+mP51cih+cM0sjsOmWwPyHFAFuigAooAKKACigAooAKKAK91/x7P+H86zX+9QAokAWmPKe3FAELnNQSfw/71AGnbf6pKvxdqAJ6KACigAooAKKACigAooAguRm3k+mfyrJkPzUAQl6buNABkGo3+8v+9QBp2/3BV+L71AE9FABRQAUUAFFADXYIMlgB6mqsl8ij92Nx/IUAVXu7h+j7R6BaZ5s//PWT/vqgB/2mbyiGfII7rzioH2npwaAKkmUbnp60zfQAb6M5ZaANWD7g+lX4KAJ6KACigAooAKqT3QTKR8t3PYUAUZGaQ5Zsn3plADqKAGyHCr7mmUAJTHiQrnbj3HFAERtz/A6n68UxIJ93+qY49OaANaIfKtX4B8poAmooAKKACigCG4cpCxHXtWYTQA3NJmgAzRmgAzUckkSdWwfQUAV3uAEZ/lWNRlndgAB79h+NMtL1bxswq0lv1NweEPsufvfUcUAW/Mi3cfN/KpFc7c/KooA0IYHPLfKP1q0AFGBQA6igAooAKKAIpceXk/w8/lWTcOkcpAXkdh/hQBXN5COrMP8AgNRm/t/7zf8AfJoAYdQiPCLI1Ry6g0a73RYV/vSNgfrgUAUP7bhuG2RXLXTf3bSMy/quQPxNOEl7J9yCG1H964bzH/74Q4/N6AHC0iLK9wzXUinKmfBUH1VBhR+WfernmEtvd8+5oASO7V7oworZUBix6c1s2NkN63UrM7H/AFan7qD1x6n1oA1aKACigAooAKKACsPUrUbVV13AfdPtQBgSwENgT3C/SQ/1zVQ279769/CUD+lADDZQP/rXvZfZ7yXH5AgU6LT9PhffHYWwb++8QdvzbJoAu+a5VULMQOg7UyW4SBFeTdzwFHJNAEYv9/O3aPTq3+FRvdufuLj3PJoAuac8odt6s2eSe9dlZkGzhI/uCgCeigAooAKKACigApkkayJtcZBoAwdQ05ocyD5ovXuPrWTJDj+GgCHaKABQA7noOKzZ1Z7piWyeg9hQBNFau/8ADgVoQWSJyeTQBoRYTaBxW1pzbrTH91yP1z/WgC7RQAUUAFFABRQAUUAQ3H/Hu+e9c5eoELY6UAZEkhzwtMyx/ioAkQGpEgG7eV5NAFgCphQBKhrR0yVd8kRblsMo9SOv9KANeigAooAKKACigAooAr3RxCfqKwLzndQBkunzUBKAJAKlGKAJQaUZoAeMd6XlyFXduz8oTqTQB0sW/wAlPM+/tG761LQAUUAFFABRQAUUAVr04gH+8KwbmgDNcfNQKAJBSigB+adnt+VAGhbabcTcyful9/vflWtb2kNqv7teT1Y8k0AWaKACigAooAKKACigCnfA+SD2B5/KsS4oAov96mUALUkavI+2NWkb0C5oA0rbRZ35nfy1/ujlv8K17ayt7X/VJ83djyfzoAtUUAFFABRQAUUAFFABRQAnXg1RuNLhm5VmjPtyPyoAz5NCmY/LMhH+0pFKvh5v47pfoI//AK9AFqHRbOPllaU/7bcfkOK0EjSNdkaKo9AuBQBJRQAUUAFFABRQAUUAFFABRQAUUAFFABRQAUUAFFABRQAUUAFFABRQAUUAFFABRQAUUAFFABRQAUUAFFABRQB//9n/7RGSUGhvdG9zaG9wIDMuMAA4QklNBAQAAAAAAHQcAVoAAxslRxwCAAACAAAcAlAAGmh0dHBzOi8vbm9pdGhhdHJha2hvaS5jb20vHAJ0ABpodHRwczovL25vaXRoYXRyYWtob2kuY29tLxwCeAAiYmFuLWNhdS1pbmF4LW1vdC1raG9pLWFjLTk2OXZuLmpwZzhCSU0EJQAAAAAAENTrccSO44CeUeUiTJnBkJE4QklNBDoAAAAAAOUAAAAQAAAAAQAAAAAAC3ByaW50T3V0cHV0AAAABQAAAABQc3RTYm9vbAEAAAAASW50ZWVudW0AAAAASW50ZQAAAABDbHJtAAAAD3ByaW50U2l4dGVlbkJpdGJvb2wAAAAAC3ByaW50ZXJOYW1lVEVYVAAAAAEAAAAAAA9wcmludFByb29mU2V0dXBPYmpjAAAADABQAHIAbwBvAGYAIABTAGUAdAB1AHAAAAAAAApwcm9vZlNldHVwAAAAAQAAAABCbHRuZW51bQAAAAxidWlsdGluUHJvb2YAAAAJcHJvb2ZDTVlLADhCSU0EOwAAAAACLQAAABAAAAABAAAAAAAScHJpbnRPdXRwdXRPcHRpb25zAAAAFwAAAABDcHRuYm9vbAAAAAAAQ2xicmJvb2wAAAAAAFJnc01ib29sAAAAAABDcm5DYm9vbAAAAAAAQ250Q2Jvb2wAAAAAAExibHNib29sAAAAAABOZ3R2Ym9vbAAAAAAARW1sRGJvb2wAAAAAAEludHJib29sAAAAAABCY2tnT2JqYwAAAAEAAAAAAABSR0JDAAAAAwAAAABSZCAgZG91YkBv4AAAAAAAAAAAAEdybiBkb3ViQG/gAAAAAAAAAAAAQmwgIGRvdWJAb+AAAAAAAAAAAABCcmRUVW50RiNSbHQAAAAAAAAAAAAAAABCbGQgVW50RiNSbHQAAAAAAAAAAAAAAABSc2x0VW50RiNQeGxAUgAAAAAAAAAAAAp2ZWN0b3JEYXRhYm9vbAEAAAAAUGdQc2VudW0AAAAAUGdQcwAAAABQZ1BDAAAAAExlZnRVbnRGI1JsdAAAAAAAAAAAAAAAAFRvcCBVbnRGI1JsdAAAAAAAAAAAAAAAAFNjbCBVbnRGI1ByY0BZAAAAAAAAAAAAEGNyb3BXaGVuUHJpbnRpbmdib29sAAAAAA5jcm9wUmVjdEJvdHRvbWxvbmcAAAAAAAAADGNyb3BSZWN0TGVmdGxvbmcAAAAAAAAADWNyb3BSZWN0UmlnaHRsb25nAAAAAAAAAAtjcm9wUmVjdFRvcGxvbmcAAAAAADhCSU0D7QAAAAAAEABIAAAAAQABAEgAAAABAAE4QklNBCYAAAAAAA4AAAAAAAAAAAAAP4AAADhCSU0EDQAAAAAABAAAAB44QklNBBkAAAAAAAQAAAAeOEJJTQPzAAAAAAAJAAAAAAAAAAABADhCSU0nEAAAAAAACgABAAAAAAAAAAE4QklNA/UAAAAAAEgAL2ZmAAEAbGZmAAYAAAAAAAEAL2ZmAAEAoZmaAAYAAAAAAAEAMgAAAAEAWgAAAAYAAAAAAAEANQAAAAEALQAAAAYAAAAAAAE4QklNA/gAAAAAAHAAAP////////////////////////////8D6AAAAAD/////////////////////////////A+gAAAAA/////////////////////////////wPoAAAAAP////////////////////////////8D6AAAOEJJTQQIAAAAAAAQAAAAAQAAAkAAAAJAAAAAADhCSU0EHgAAAAAABAAAAAA4QklNBBoAAAAAA3EAAAAGAAAAAAAAAAAAAAHCAAABwgAAAB4AYgBhAG4ALQBjAGEAdQAtAGkAbgBhAHgALQBtAG8AdAAtAGsAaABvAGkALQBhAGMALQA5ADYAOQB2AG4AAAABAAAAAAAAAAAAAAAAAAAAAAAAAAEAAAAAAAAAAAAAAcIAAAHCAAAAAAAAAAAAAAAAAAAAAAEAAAAAAAAAAAAAAAAAAAAAAAAAEAAAAAEAAAAAAABudWxsAAAAAgAAAAZib3VuZHNPYmpjAAAAAQAAAAAAAFJjdDEAAAAEAAAAAFRvcCBsb25nAAAAAAAAAABMZWZ0bG9uZwAAAAAAAAAAQnRvbWxvbmcAAAHCAAAAAFJnaHRsb25nAAABwgAAAAZzbGljZXNWbExzAAAAAU9iamMAAAABAAAAAAAFc2xpY2UAAAASAAAAB3NsaWNlSURsb25nAAAAAAAAAAdncm91cElEbG9uZwAAAAAAAAAGb3JpZ2luZW51bQAAAAxFU2xpY2VPcmlnaW4AAAANYXV0b0dlbmVyYXRlZAAAAABUeXBlZW51bQAAAApFU2xpY2VUeXBlAAAAAEltZyAAAAAGYm91bmRzT2JqYwAAAAEAAAAAAABSY3QxAAAABAAAAABUb3AgbG9uZwAAAAAAAAAATGVmdGxvbmcAAAAAAAAAAEJ0b21sb25nAAABwgAAAABSZ2h0bG9uZwAAAcIAAAADdXJsVEVYVAAAAAEAAAAAAABudWxsVEVYVAAAAAEAAAAAAABNc2dlVEVYVAAAAAEAAAAAAAZhbHRUYWdURVhUAAAAAQAAAAAADmNlbGxUZXh0SXNIVE1MYm9vbAEAAAAIY2VsbFRleHRURVhUAAAAAQAAAAAACWhvcnpBbGlnbmVudW0AAAAPRVNsaWNlSG9yekFsaWduAAAAB2RlZmF1bHQAAAAJdmVydEFsaWduZW51bQAAAA9FU2xpY2VWZXJ0QWxpZ24AAAAHZGVmYXVsdAAAAAtiZ0NvbG9yVHlwZWVudW0AAAARRVNsaWNlQkdDb2xvclR5cGUAAAAATm9uZQAAAAl0b3BPdXRzZXRsb25nAAAAAAAAAApsZWZ0T3V0c2V0bG9uZwAAAAAAAAAMYm90dG9tT3V0c2V0bG9uZwAAAAAAAAALcmlnaHRPdXRzZXRsb25nAAAAAAA4QklNBCgAAAAAAAwAAAACP/AAAAAAAAA4QklNBBQAAAAAAAQAAAABOEJJTQQMAAAAAAgRAAAAAQAAAKAAAACgAAAB4AABLAAAAAf1ABgAAf/Y/+0ADEFkb2JlX0NNAAH/7gAOQWRvYmUAZIAAAAAB/9sAhAAMCAgICQgMCQkMEQsKCxEVDwwMDxUYExMVExMYEQwMDAwMDBEMDAwMDAwMDAwMDAwMDAwMDAwMDAwMDAwMDAwMAQ0LCw0ODRAODhAUDg4OFBQODg4OFBEMDAwMDBERDAwMDAwMEQwMDAwMDAwMDAwMDAwMDAwMDAwMDAwMDAwMDAz/wAARCACgAKADASIAAhEBAxEB/90ABAAK/8QBPwAAAQUBAQEBAQEAAAAAAAAAAwABAgQFBgcICQoLAQABBQEBAQEBAQAAAAAAAAABAAIDBAUGBwgJCgsQAAEEAQMCBAIFBwYIBQMMMwEAAhEDBCESMQVBUWETInGBMgYUkaGxQiMkFVLBYjM0coLRQwclklPw4fFjczUWorKDJkSTVGRFwqN0NhfSVeJl8rOEw9N14/NGJ5SkhbSVxNTk9KW1xdXl9VZmdoaWprbG1ub2N0dXZ3eHl6e3x9fn9xEAAgIBAgQEAwQFBgcHBgU1AQACEQMhMRIEQVFhcSITBTKBkRShsUIjwVLR8DMkYuFygpJDUxVjczTxJQYWorKDByY1wtJEk1SjF2RFVTZ0ZeLys4TD03Xj80aUpIW0lcTU5PSltcXV5fVWZnaGlqa2xtbm9ic3R1dnd4eXp7fH/9oADAMBAAIRAxEAPwD1VJJJJSkkkklKSSSSUpJJJJSkkkklKSSSSUpJJJJSkkkklKSSSSUpJJJJT//Q9VSSSSUpJJJJSkkkklKSSSSUwtsFbNxBPYAeKrOy7HfQAb+JRM0xQTJABBJaJPybD93+aqe63QlrLmnUH6Do/te3/wAErSUkNlx13n74/IoDqWy9uO66s3OG5tLnN9Qt43MqB9Z/+anL6B9Muxz/AMIPb/24f0f/AIMoZPT8fLqDMqirLpOoD2tsb/ZFzf8AqHJKbjMySWuYZHO3WPi381FbdW7gx8dFkY3SumYzm7GOGwzUy2217az/AMBXkWPZV/VrWiGzrz5pKbSSrRs7lvkiMdZ4SPE6JKSpJJJKUkkkkp//0fVUkkklKSSSSUpJJJJSkkkklIsoTSfiPyhUiruR/Mu+X5VSdykpIxxA078qBookua303Hl1ZNZ/8D27v7SQeAFF1h7aJKYWC5v0bpH7tjQ7/pV+k5VzZkNIhgB/erfH/Re2tHcZQn9vikpuY7r/AExo1hPdx3n/AKO3/wA+KzXX7g5z3PcOJMD/ADGbWqvR9BqtV9klJUkkklKSSSSU/wD/0vVUkkklKSSSSUpJM5waJJAHiUB+YwfQG4/cElNhJUHZN7uHbR4Af3qPqXfvu+9JTdvE0v8AhP3LPedUX17thDnSCO41hCdtPGhSUjLk24qL5adePFR3JKSSCoO5HxTbkpkhJTep+iFar5VWr6I+CtVJKSpJJJKUkkkkp//T9VSSSSUpAuyA2Ws1d3PYKdzi2skc9lSJSUp7nPMuMnzUU8ppSUukmlKUlKeYA8yoqUqD31t5MHwCSlKLq2ETEeY0UHXANLtGsaJc9xAAHi4n2t/tKOPlNyDNQL6eTedGH+TUXfzv9Zv6NJTI0n81wPx0UW1XT9AmPDVH31zp7vyKbXGJ0aElJaxoFapGhQ6qXHV3tH4o4AaICSl0kkklKSSSSU//1PVUkkklMLY2SfzdfuVC5zGPIA1HYf8AkVpLMzscQGuG4D6J8klIjk1DkkfJROXR4n7iqNlRBgWWN+Dj/wB+3IBpf3yL/k8D8jElOmcys6NDnKFmY5g3OaKm/vPMD73bWrNOLS7+cdfZ5Ovtj/NY9jU9eHg1u3Mxqg799zA93+fb6j0lJ/2pVadtdpyHfu47Tb/0qQ6tv9uxOH5b/o1sxx+9cfUf/wBsY7tn+flJ/UeQGkkgcDt9yjZcypoc+ddA0akpKZjHrJDrich7TLTbBaD+9XQ0NoZ/mep/LVjeSdznT5lURl7tY2jw5d/5FRdkPP0RHmdSkpvsyGuuNTQZaA4uPGvELSw8QSMiwl7j/NtP0Wj94N/fd++sbCdYHHcC6dSe66HGIOPWR+6ElJUkkklKSSSSUpJJJJT/AP/V9VSSSSUpRexr27XCQVJJJTk5uE6uXj3V+Pcf1lQfVHZdDd/NOnusfKaGkxwkppbQkAFF7zOgUZce6SkuvA0VO1rnXEkyeB5BWmgqTahO4jUpKa9eO93aArdWKxup1KmAiBJSSuGwBotLBdNEfuuI/Hd/35ZjSrvT7G7n1k6uhzR4kaO/76kpvJJJJKUkkkkpSSSSSn//1vVUkkklKSSSSUiyDFZ+IWVk6ytTKMVj4hZd6Smg5uqQapuGqQSUoBTEJgnCSmYKcSoynnt9ySmYjun1cQ1s7p9obySj0YF9mr/0bfP6X+atCnGpoHsGp5cdSUlM69/pt9T6cDd8e6kkkkpSSSSSlJJJJKf/1/VUkkklKSSSSUgzAfTB7A6/csy5bPOhVa7p9NmrSWHy1H+aUlOK7lRWi/pFpPtsaR5ghO3ozvzrh8A3+9ySnOU2Ne921gL3eAErWq6ViM1cDYf5R0/zW7Wq01jGDaxoaPACAkpzKOl3O1ud6bf3Rq7/AMir9GLRR/Nt93dx1P8AnIySSlJJJJKUkkkkpSSSSSlJJJJKf//Q9VSSSSUpJJJJSkkkklKSSSSUpJJJJSkkkklKSSSSUpJJJJSkkkklKSSSSU//2QA4QklNBCEAAAAAAFcAAAABAQAAAA8AQQBkAG8AYgBlACAAUABoAG8AdABvAHMAaABvAHAAAAAUAEEAZABvAGIAZQAgAFAAaABvAHQAbwBzAGgAbwBwACAAMgAwADIAMAAAAAEAOEJJTQQGAAAAAAAHAAQAAAABAQD/4Rg6aHR0cDovL25zLmFkb2JlLmNvbS94YXAvMS4wLwA8P3hwYWNrZXQgYmVnaW49Iu+7vyIgaWQ9Ilc1TTBNcENlaGlIenJlU3pOVGN6a2M5ZCI/Pg0KPHg6eG1wbWV0YSB4bWxuczp4PSJhZG9iZTpuczptZXRhLyIgeDp4bXB0az0iQWRvYmUgWE1QIENvcmUgNS42LWMxNDggNzkuMTY0MDM2LCAyMDE5LzA4LzEzLTAxOjA2OjU3ICAgICAgICAiPg0KCTxyZGY6UkRGIHhtbG5zOnJkZj0iaHR0cDovL3d3dy53My5vcmcvMTk5OS8wMi8yMi1yZGYtc3ludGF4LW5zIyI+DQoJCTxyZGY6RGVzY3JpcHRpb24gcmRmOmFib3V0PSIiIHhtbG5zOnhtcD0iaHR0cDovL25zLmFkb2JlLmNvbS94YXAvMS4wLyIgeG1sbnM6ZGM9Imh0dHA6Ly9wdXJsLm9yZy9kYy9lbGVtZW50cy8xLjEvIiB4bWxuczp4bXBNTT0iaHR0cDovL25zLmFkb2JlLmNvbS94YXAvMS4wL21tLyIgeG1sbnM6c3RFdnQ9Imh0dHA6Ly9ucy5hZG9iZS5jb20veGFwLzEuMC9zVHlwZS9SZXNvdXJjZUV2ZW50IyIgeG1sbnM6c3RSZWY9Imh0dHA6Ly9ucy5hZG9iZS5jb20veGFwLzEuMC9zVHlwZS9SZXNvdXJjZVJlZiMiIHhtbG5zOnBob3Rvc2hvcD0iaHR0cDovL25zLmFkb2JlLmNvbS9waG90b3Nob3AvMS4wLyIgeG1wOkNyZWF0b3JUb29sPSJBZG9iZSBQaG90b3Nob3AgMjEuMCAoV2luZG93cykiIHhtcDpDcmVhdGVEYXRlPSIyMDE5LTEyLTE3VDE1OjEwOjE4KzA3OjAwIiB4bXA6TWV0YWRhdGFEYXRlPSIyMDE5LTEyLTIwVDE0OjU1OjA2KzA3OjAwIiB4bXA6TW9kaWZ5RGF0ZT0iMjAxOS0xMi0yMFQxNDo1NTowNiswNzowMCIgZGM6Zm9ybWF0PSJpbWFnZS9qcGVnIiB4bXBNTTpJbnN0YW5jZUlEPSJ4bXAuaWlkOjI2ODdjZjkxLTM5YzgtZWM0ZS04YWFmLWYwZTUwNjFmY2E0OSIgeG1wTU06RG9jdW1lbnRJRD0iYWRvYmU6ZG9jaWQ6cGhvdG9zaG9wOjMwNDNhOTk4LTNlYzktYmE0YS04YzkxLWMxNmE5NWRiMWJmYiIgeG1wTU06T3JpZ2luYWxEb2N1bWVudElEPSJ4bXAuZGlkOmJmNWEwMmYzLTM3MWYtYWE0Yi1hNGZlLTg4M2I4MDI1ZTIwMiIgcGhvdG9zaG9wOkNvbG9yTW9kZT0iMyIgcGhvdG9zaG9wOklDQ1Byb2ZpbGU9InNSR0IgSUVDNjE5NjYtMi4xIj4NCgkJCTx4bXBNTTpIaXN0b3J5Pg0KCQkJCTxyZGY6U2VxPg0KCQkJCQk8cmRmOmxpIHN0RXZ0OmFjdGlvbj0iY3JlYXRlZCIgc3RFdnQ6aW5zdGFuY2VJRD0ieG1wLmlpZDpiZjVhMDJmMy0zNzFmLWFhNGItYTRmZS04ODNiODAyNWUyMDIiIHN0RXZ0OndoZW49IjIwMTktMTItMTdUMTU6MTA6MTgrMDc6MDAiIHN0RXZ0OnNvZnR3YXJlQWdlbnQ9IkFkb2JlIFBob3Rvc2hvcCAyMS4wIChXaW5kb3dzKSIvPg0KCQkJCQk8cmRmOmxpIHN0RXZ0OmFjdGlvbj0ic2F2ZWQiIHN0RXZ0Omluc3RhbmNlSUQ9InhtcC5paWQ6OGRiZDVmY2QtZjBkZi1lYTQxLTkyYWEtNTJlODEyNjBhYjA0IiBzdEV2dDp3aGVuPSIyMDE5LTEyLTE3VDE2OjQ1KzA3OjAwIiBzdEV2dDpzb2Z0d2FyZUFnZW50PSJBZG9iZSBQaG90b3Nob3AgMjEuMCAoV2luZG93cykiIHN0RXZ0OmNoYW5nZWQ9Ii8iLz4NCgkJCQkJPHJkZjpsaSBzdEV2dDphY3Rpb249InNhdmVkIiBzdEV2dDppbnN0YW5jZUlEPSJ4bXAuaWlkOjQ0ZTQ3OGVlLTc0MGYtMzU0ZC04NWEwLWMzYWY0ZWNjOWFmYiIgc3RFdnQ6d2hlbj0iMjAxOS0xMi0yMFQxMzoyNjozMCswNzowMCIgc3RFdnQ6c29mdHdhcmVBZ2VudD0iQWRvYmUgUGhvdG9zaG9wIDIxLjAgKFdpbmRvd3MpIiBzdEV2dDpjaGFuZ2VkPSIvIi8+DQoJCQkJCTxyZGY6bGkgc3RFdnQ6YWN0aW9uPSJjb252ZXJ0ZWQiIHN0RXZ0OnBhcmFtZXRlcnM9ImZyb20gYXBwbGljYXRpb24vdm5kLmFkb2JlLnBob3Rvc2hvcCB0byBpbWFnZS9wbmciLz4NCgkJCQkJPHJkZjpsaSBzdEV2dDphY3Rpb249ImRlcml2ZWQiIHN0RXZ0OnBhcmFtZXRlcnM9ImNvbnZlcnRlZCBmcm9tIGFwcGxpY2F0aW9uL3ZuZC5hZG9iZS5waG90b3Nob3AgdG8gaW1hZ2UvcG5nIi8+DQoJCQkJCTxyZGY6bGkgc3RFdnQ6YWN0aW9uPSJzYXZlZCIgc3RFdnQ6aW5zdGFuY2VJRD0ieG1wLmlpZDo2ZWRhOTNjZi1lYzYzLWY3NDMtYWRiNS04YTQ0ZDI4N2QxYWIiIHN0RXZ0OndoZW49IjIwMTktMTItMjBUMTM6MjY6MzArMDc6MDAiIHN0RXZ0OnNvZnR3YXJlQWdlbnQ9IkFkb2JlIFBob3Rvc2hvcCAyMS4wIChXaW5kb3dzKSIgc3RFdnQ6Y2hhbmdlZD0iLyIvPg0KCQkJCQk8cmRmOmxpIHN0RXZ0OmFjdGlvbj0ic2F2ZWQiIHN0RXZ0Omluc3RhbmNlSUQ9InhtcC5paWQ6ZjgyYjU1YmEtMTg5OS0yNzRmLWFiZTItYTlkYjQxYTg0MzFkIiBzdEV2dDp3aGVuPSIyMDE5LTEyLTIwVDE0OjU1OjA2KzA3OjAwIiBzdEV2dDpzb2Z0d2FyZUFnZW50PSJBZG9iZSBQaG90b3Nob3AgMjEuMCAoV2luZG93cykiIHN0RXZ0OmNoYW5nZWQ9Ii8iLz4NCgkJCQkJPHJkZjpsaSBzdEV2dDphY3Rpb249ImNvbnZlcnRlZCIgc3RFdnQ6cGFyYW1ldGVycz0iZnJvbSBpbWFnZS9wbmcgdG8gaW1hZ2UvanBlZyIvPg0KCQkJCQk8cmRmOmxpIHN0RXZ0OmFjdGlvbj0iZGVyaXZlZCIgc3RFdnQ6cGFyYW1ldGVycz0iY29udmVydGVkIGZyb20gaW1hZ2UvcG5nIHRvIGltYWdlL2pwZWciLz4NCgkJCQkJPHJkZjpsaSBzdEV2dDphY3Rpb249InNhdmVkIiBzdEV2dDppbnN0YW5jZUlEPSJ4bXAuaWlkOjI2ODdjZjkxLTM5YzgtZWM0ZS04YWFmLWYwZTUwNjFmY2E0OSIgc3RFdnQ6d2hlbj0iMjAxOS0xMi0yMFQxNDo1NTowNiswNzowMCIgc3RFdnQ6c29mdHdhcmVBZ2VudD0iQWRvYmUgUGhvdG9zaG9wIDIxLjAgKFdpbmRvd3MpIiBzdEV2dDpjaGFuZ2VkPSIvIi8+DQoJCQkJPC9yZGY6U2VxPg0KCQkJPC94bXBNTTpIaXN0b3J5Pg0KCQkJPHhtcE1NOkRlcml2ZWRGcm9tIHN0UmVmOmluc3RhbmNlSUQ9InhtcC5paWQ6ZjgyYjU1YmEtMTg5OS0yNzRmLWFiZTItYTlkYjQxYTg0MzFkIiBzdFJlZjpkb2N1bWVudElEPSJhZG9iZTpkb2NpZDpwaG90b3Nob3A6MjQ4MzA2ZmUtMGNlMi0yMjQ2LWJjMGYtNzY5NWQ4YzliNTZlIiBzdFJlZjpvcmlnaW5hbERvY3VtZW50SUQ9InhtcC5kaWQ6YmY1YTAyZjMtMzcxZi1hYTRiLWE0ZmUtODgzYjgwMjVlMjAyIi8+DQoJCQk8cGhvdG9zaG9wOkRvY3VtZW50QW5jZXN0b3JzPg0KCQkJCTxyZGY6QmFnPg0KCQkJCQk8cmRmOmxpPmFkb2JlOmRvY2lkOnBob3Rvc2hvcDowNjk5YzdjMy04MTVhLTVlNDYtOGJlYy0wMjIzMGMwYTA5Mjg8L3JkZjpsaT4NCgkJCQk8L3JkZjpCYWc+DQoJCQk8L3Bob3Rvc2hvcDpEb2N1bWVudEFuY2VzdG9ycz4NCgkJCTx4bXA6UmF0aW5nPjU8L3htcDpSYXRpbmc+PGRjOmNyZWF0b3I+PHJkZjpTZXEgeG1sbnM6cmRmPSJodHRwOi8vd3d3LnczLm9yZy8xOTk5LzAyLzIyLXJkZi1zeW50YXgtbnMjIj48cmRmOmxpPmh0dHBzOi8vbm9pdGhhdHJha2hvaS5jb20vPC9yZGY6bGk+PC9yZGY6U2VxPg0KCQkJPC9kYzpjcmVhdG9yPjxkYzpyaWdodHM+PHJkZjpBbHQgeG1sbnM6cmRmPSJodHRwOi8vd3d3LnczLm9yZy8xOTk5LzAyLzIyLXJkZi1zeW50YXgtbnMjIj48cmRmOmxpIHhtbDpsYW5nPSJ4LWRlZmF1bHQiPmh0dHBzOi8vbm9pdGhhdHJha2hvaS5jb20vPC9yZGY6bGk+PC9yZGY6QWx0Pg0KCQkJPC9kYzpyaWdodHM+PGRjOnRpdGxlPjxyZGY6QWx0IHhtbG5zOnJkZj0iaHR0cDovL3d3dy53My5vcmcvMTk5OS8wMi8yMi1yZGYtc3ludGF4LW5zIyI+PHJkZjpsaSB4bWw6bGFuZz0ieC1kZWZhdWx0Ij5iYW4tY2F1LWluYXgtbW90LWtob2ktYWMtOTY5dm4uanBnPC9yZGY6bGk+PC9yZGY6QWx0Pg0KCQkJPC9kYzp0aXRsZT48ZGM6ZGVzY3JpcHRpb24+PHJkZjpBbHQgeG1sbnM6cmRmPSJodHRwOi8vd3d3LnczLm9yZy8xOTk5LzAyLzIyLXJkZi1zeW50YXgtbnMjIj48cmRmOmxpIHhtbDpsYW5nPSJ4LWRlZmF1bHQiPmJhbi1jYXUtaW5heC1tb3Qta2hvaS1hYy05Njl2bi5qcGc8L3JkZjpsaT48L3JkZjpBbHQ+DQoJCQk8L2RjOmRlc2NyaXB0aW9uPjwvcmRmOkRlc2NyaXB0aW9uPg0KCQk8cmRmOkRlc2NyaXB0aW9uIHhtbG5zOk1pY3Jvc29mdFBob3RvPSJodHRwOi8vbnMubWljcm9zb2Z0LmNvbS9waG90by8xLjAvIj48TWljcm9zb2Z0UGhvdG86UmF0aW5nPjk5PC9NaWNyb3NvZnRQaG90bzpSYXRpbmc+PC9yZGY6RGVzY3JpcHRpb24+PC9yZGY6UkRGPg0KPC94OnhtcG1ldGE+DQogICAgICAgICAgICAgICAgICAgICAgICAgICAgICAgICAgICAgICAgICAgICAgICAgICAgICAgICAgICAgICAgICAgICAgICAgICAgICAgICAgICAgICAgICAgICAgICAgICAgCiAgICAgICAgICAgICAgICAgICAgICAgICAgICAgICAgICAgICAgICAgICAgICAgICAgICAgICAgICAgICAgICAgICAgICAgICAgICAgICAgICAgICAgICAgICAgICAgICAgICAKICAgICAgICAgICAgICAgICAgICAgICAgICAgICAgICAgICAgICAgICAgICAgICAgICAgICAgICAgICAgICAgICAgICAgICAgICAgICAgICAgICAgICAgICAgICAgICAgICAgIAogICAgICAgICAgICAgICAgICAgICAgICAgICAgICAgICAgICAgICAgICAgICAgICAgICAgICAgICAgICAgICAgICAgICAgICAgICAgICAgICAgICAgICAgICAgICAgICAgICAgCiAgICAgICAgICAgICAgICAgICAgICAgICAgICAgICAgICAgICAgICAgICAgICAgICAgICAgICAgICAgICAgICAgICAgICAgICAgICAgICAgICAgICAgICAgICAgICAgICAgICAKICAgICAgICAgICAgICAgICAgICAgICAgICAgICAgICAgICAgICAgICAgICAgICAgICAgICAgICAgICAgICAgICAgICAgICAgICAgICAgICAgICAgICAgICAgICAgICAgICAgIAogICAgICAgICAgICAgICAgICAgICAgICAgICAgICAgICAgICAgICAgICAgICAgICAgICAgICAgICAgICAgICAgICAgICAgICAgICAgICAgICAgICAgICAgICAgICAgICAgICAgCiAgICAgICAgICAgICAgICAgICAgICAgICAgICAgICAgICAgICAgICAgICAgICAgICAgICAgICAgICAgICAgICAgICAgICAgICAgICAgICAgICAgICAgICAgICAgICAgICAgICAKICAgICAgICAgICAgICAgICAgICAgICAgICAgICAgICAgICAgICAgICAgICAgICAgICAgICAgICAgICAgICAgICAgICAgICAgICAgICAgICAgICAgICAgICAgICAgICAgICAgIAogICAgICAgICAgICAgICAgICAgICAgICAgICAgICAgICAgICAgICAgICAgICAgICAgICAgICAgICAgICAgICAgICAgICAgICAgICAgICAgICAgICAgICAgICAgICAgICAgICAgCiAgICAgICAgICAgICAgICAgICAgICAgICAgICAgICAgICAgICAgICAgICAgICAgICAgICAgICAgICAgICAgICAgICAgICAgICAgICAgICAgICAgICAgICAgICAgICAgICAgICAKICAgICAgICAgICAgICAgICAgICAgICAgICAgICAgICAgICAgICAgICAgICAgICAgICAgICAgICAgICAgICAgICAgICAgICAgICAgICAgICAgICAgICAgICAgICAgICAgICAgIAogICAgICAgICAgICAgICAgICAgICAgICAgICAgICAgICAgICAgICAgICAgICAgICAgICAgICAgICAgICAgICAgICAgICAgICAgICAgICAgICAgICAgICAgICAgICAgICAgICAgCiAgICAgICAgICAgICAgICAgICAgICAgICAgICAgICAgICAgICAgICAgICAgICAgICAgICAgICAgICAgICAgICAgICAgICAgICAgICAgICAgICAgICAgICAgICAgICAgICAgICAKICAgICAgICAgICAgICAgICAgICAgICAgICAgICAgICAgICAgICAgICAgICAgICAgICAgICAgICAgICAgICAgICAgICAgICAgICAgICAgICAgICAgICAgICAgICAgICAgICAgIAogICAgICAgICAgICAgICAgICAgICAgICAgICAgICAgICAgICAgICAgICAgICAgICAgICAgICAgICAgICAgICAgICAgICAgICAgICAgICAgICAgICAgICAgICAgICAgICAgICAgCiAgICAgICAgICAgICAgICAgICAgICAgICAgICAgICAgICAgICAgICAgICAgICAgICAgICAgICAgICAgICAgICAgICAgICAgICAgICAgICAgICAgICAgICAgICAgICAgICAgICAKICAgICAgICAgICAgICAgICAgICAgICAgICAgICAgICAgICAgICAgICAgICAgICAgICAgICAgICAgICAgICAgICAgICAgICAgICAgICAgICAgICAgICAgICAgICAgICAgICAgIAogICAgICAgICAgICAgICAgICAgICAgICAgICAgICAgICAgICAgICAgICAgICAgICAgICAgICAgICAgICAgICAgICAgICAgICAgICAgICAgICAgICAgICAgICAgICAgICAgICAgCiAgICAgICAgICAgICAgICAgICAgICAgICAgICAgICAgICAgICAgICAgICAgICAgICAgICAgICAgICAgICAgICAgICAgICAgICAgICAgICAgICAgICAgICAgICAgICAgICAgICAKICAgICAgICAgICAgICAgICAgICAgICAgICAgIDw/eHBhY2tldCBlbmQ9J3cnPz7/4gxYSUNDX1BST0ZJTEUAAQEAAAxITGlubwIQAABtbnRyUkdCIFhZWiAHzgACAAkABgAxAABhY3NwTVNGVAAAAABJRUMgc1JHQgAAAAAAAAAAAAAAAQAA9tYAAQAAAADTLUhQICAAAAAAAAAAAAAAAAAAAAAAAAAAAAAAAAAAAAAAAAAAAAAAAAAAAAAAAAAAAAAAABFjcHJ0AAABUAAAADNkZXNjAAABhAAAAGx3dHB0AAAB8AAAABRia3B0AAACBAAAABRyWFlaAAACGAAAABRnWFlaAAACLAAAABRiWFlaAAACQAAAABRkbW5kAAACVAAAAHBkbWRkAAACxAAAAIh2dWVkAAADTAAAAIZ2aWV3AAAD1AAAACRsdW1pAAAD+AAAABRtZWFzAAAEDAAAACR0ZWNoAAAEMAAAAAxyVFJDAAAEPAAACAxnVFJDAAAEPAAACAxiVFJDAAAEPAAACAx0ZXh0AAAAAENvcHlyaWdodCAoYykgMTk5OCBIZXdsZXR0LVBhY2thcmQgQ29tcGFueQAAZGVzYwAAAAAAAAASc1JHQiBJRUM2MTk2Ni0yLjEAAAAAAAAAAAAAABJzUkdCIElFQzYxOTY2LTIuMQAAAAAAAAAAAAAAAAAAAAAAAAAAAAAAAAAAAAAAAAAAAAAAAAAAAAAAAAAAAAAAAAAAWFlaIAAAAAAAAPNRAAEAAAABFsxYWVogAAAAAAAAAAAAAAAAAAAAAFhZWiAAAAAAAABvogAAOPUAAAOQWFlaIAAAAAAAAGKZAAC3hQAAGNpYWVogAAAAAAAAJKAAAA+EAAC2z2Rlc2MAAAAAAAAAFklFQyBodHRwOi8vd3d3LmllYy5jaAAAAAAAAAAAAAAAFklFQyBodHRwOi8vd3d3LmllYy5jaAAAAAAAAAAAAAAAAAAAAAAAAAAAAAAAAAAAAAAAAAAAAAAAAAAAAAAAAAAAAABkZXNjAAAAAAAAAC5JRUMgNjE5NjYtMi4xIERlZmF1bHQgUkdCIGNvbG91ciBzcGFjZSAtIHNSR0IAAAAAAAAAAAAAAC5JRUMgNjE5NjYtMi4xIERlZmF1bHQgUkdCIGNvbG91ciBzcGFjZSAtIHNSR0IAAAAAAAAAAAAAAAAAAAAAAAAAAAAAZGVzYwAAAAAAAAAsUmVmZXJlbmNlIFZpZXdpbmcgQ29uZGl0aW9uIGluIElFQzYxOTY2LTIuMQAAAAAAAAAAAAAALFJlZmVyZW5jZSBWaWV3aW5nIENvbmRpdGlvbiBpbiBJRUM2MTk2Ni0yLjEAAAAAAAAAAAAAAAAAAAAAAAAAAAAAAAAAAHZpZXcAAAAAABOk/gAUXy4AEM8UAAPtzAAEEwsAA1yeAAAAAVhZWiAAAAAAAEwJVgBQAAAAVx/nbWVhcwAAAAAAAAABAAAAAAAAAAAAAAAAAAAAAAAAAo8AAAACc2lnIAAAAABDUlQgY3VydgAAAAAAAAQAAAAABQAKAA8AFAAZAB4AIwAoAC0AMgA3ADsAQABFAEoATwBUAFkAXgBjAGgAbQByAHcAfACBAIYAiwCQAJUAmgCfAKQAqQCuALIAtwC8AMEAxgDLANAA1QDbAOAA5QDrAPAA9gD7AQEBBwENARMBGQEfASUBKwEyATgBPgFFAUwBUgFZAWABZwFuAXUBfAGDAYsBkgGaAaEBqQGxAbkBwQHJAdEB2QHhAekB8gH6AgMCDAIUAh0CJgIvAjgCQQJLAlQCXQJnAnECegKEAo4CmAKiAqwCtgLBAssC1QLgAusC9QMAAwsDFgMhAy0DOANDA08DWgNmA3IDfgOKA5YDogOuA7oDxwPTA+AD7AP5BAYEEwQgBC0EOwRIBFUEYwRxBH4EjASaBKgEtgTEBNME4QTwBP4FDQUcBSsFOgVJBVgFZwV3BYYFlgWmBbUFxQXVBeUF9gYGBhYGJwY3BkgGWQZqBnsGjAadBq8GwAbRBuMG9QcHBxkHKwc9B08HYQd0B4YHmQesB78H0gflB/gICwgfCDIIRghaCG4IggiWCKoIvgjSCOcI+wkQCSUJOglPCWQJeQmPCaQJugnPCeUJ+woRCicKPQpUCmoKgQqYCq4KxQrcCvMLCwsiCzkLUQtpC4ALmAuwC8gL4Qv5DBIMKgxDDFwMdQyODKcMwAzZDPMNDQ0mDUANWg10DY4NqQ3DDd4N+A4TDi4OSQ5kDn8Omw62DtIO7g8JDyUPQQ9eD3oPlg+zD88P7BAJECYQQxBhEH4QmxC5ENcQ9RETETERTxFtEYwRqhHJEegSBxImEkUSZBKEEqMSwxLjEwMTIxNDE2MTgxOkE8UT5RQGFCcUSRRqFIsUrRTOFPAVEhU0FVYVeBWbFb0V4BYDFiYWSRZsFo8WshbWFvoXHRdBF2UXiReuF9IX9xgbGEAYZRiKGK8Y1Rj6GSAZRRlrGZEZtxndGgQaKhpRGncanhrFGuwbFBs7G2MbihuyG9ocAhwqHFIcexyjHMwc9R0eHUcdcB2ZHcMd7B4WHkAeah6UHr4e6R8THz4faR+UH78f6iAVIEEgbCCYIMQg8CEcIUghdSGhIc4h+yInIlUigiKvIt0jCiM4I2YjlCPCI/AkHyRNJHwkqyTaJQklOCVoJZclxyX3JicmVyaHJrcm6CcYJ0kneierJ9woDSg/KHEooijUKQYpOClrKZ0p0CoCKjUqaCqbKs8rAis2K2krnSvRLAUsOSxuLKIs1y0MLUEtdi2rLeEuFi5MLoIuty7uLyQvWi+RL8cv/jA1MGwwpDDbMRIxSjGCMbox8jIqMmMymzLUMw0zRjN/M7gz8TQrNGU0njTYNRM1TTWHNcI1/TY3NnI2rjbpNyQ3YDecN9c4FDhQOIw4yDkFOUI5fzm8Ofk6Njp0OrI67zstO2s7qjvoPCc8ZTykPOM9Ij1hPaE94D4gPmA+oD7gPyE/YT+iP+JAI0BkQKZA50EpQWpBrEHuQjBCckK1QvdDOkN9Q8BEA0RHRIpEzkUSRVVFmkXeRiJGZ0arRvBHNUd7R8BIBUhLSJFI10kdSWNJqUnwSjdKfUrESwxLU0uaS+JMKkxyTLpNAk1KTZNN3E4lTm5Ot08AT0lPk0/dUCdQcVC7UQZRUFGbUeZSMVJ8UsdTE1NfU6pT9lRCVI9U21UoVXVVwlYPVlxWqVb3V0RXklfgWC9YfVjLWRpZaVm4WgdaVlqmWvVbRVuVW+VcNVyGXNZdJ114XcleGl5sXr1fD19hX7NgBWBXYKpg/GFPYaJh9WJJYpxi8GNDY5dj62RAZJRk6WU9ZZJl52Y9ZpJm6Gc9Z5Nn6Wg/aJZo7GlDaZpp8WpIap9q92tPa6dr/2xXbK9tCG1gbbluEm5rbsRvHm94b9FwK3CGcOBxOnGVcfByS3KmcwFzXXO4dBR0cHTMdSh1hXXhdj52m3b4d1Z3s3gReG54zHkqeYl553pGeqV7BHtje8J8IXyBfOF9QX2hfgF+Yn7CfyN/hH/lgEeAqIEKgWuBzYIwgpKC9INXg7qEHYSAhOOFR4Wrhg6GcobXhzuHn4gEiGmIzokziZmJ/opkisqLMIuWi/yMY4zKjTGNmI3/jmaOzo82j56QBpBukNaRP5GokhGSepLjk02TtpQglIqU9JVflcmWNJaflwqXdZfgmEyYuJkkmZCZ/JpomtWbQpuvnByciZz3nWSd0p5Anq6fHZ+Ln/qgaaDYoUehtqImopajBqN2o+akVqTHpTilqaYapoum/adup+CoUqjEqTepqaocqo+rAqt1q+msXKzQrUStuK4trqGvFq+LsACwdbDqsWCx1rJLssKzOLOutCW0nLUTtYq2AbZ5tvC3aLfguFm40blKucK6O7q1uy67p7whvJu9Fb2Pvgq+hL7/v3q/9cBwwOzBZ8Hjwl/C28NYw9TEUcTOxUvFyMZGxsPHQce/yD3IvMk6ybnKOMq3yzbLtsw1zLXNNc21zjbOts83z7jQOdC60TzRvtI/0sHTRNPG1EnUy9VO1dHWVdbY11zX4Nhk2OjZbNnx2nba+9uA3AXcit0Q3ZbeHN6i3ynfr+A24L3hROHM4lPi2+Nj4+vkc+T85YTmDeaW5x/nqegy6LzpRunQ6lvq5etw6/vshu0R7ZzuKO6070DvzPBY8OXxcvH/8ozzGfOn9DT0wvVQ9d72bfb794r4Gfio+Tj5x/pX+uf7d/wH/Jj9Kf26/kv+3P9t////2wBDAAYEBAQFBAYFBQYJBgUGCQsIBgYICwwKCgsKCgwQDAwMDAwMEAwMDAwMDAwMDAwMDAwMDAwMDAwMDAwMDAwMDAz/2wBDAQcHBw0MDRgQEBgUDg4OFBQODg4OFBEMDAwMDBERDAwMDAwMEQwMDAwMDAwMDAwMDAwMDAwMDAwMDAwMDAwMDAz/wAARCAHCAcIDAREAAhEBAxEB/8QAHwAAAAcBAQEBAQAAAAAAAAAABAUDAgYBAAcICQoL/8QAtRAAAgEDAwIEAgYHAwQCBgJzAQIDEQQABSESMUFRBhNhInGBFDKRoQcVsUIjwVLR4TMWYvAkcoLxJUM0U5KismNzwjVEJ5OjszYXVGR0w9LiCCaDCQoYGYSURUaktFbTVSga8uPzxNTk9GV1hZWltcXV5fVmdoaWprbG1ub2N0dXZ3eHl6e3x9fn9zhIWGh4iJiouMjY6PgpOUlZaXmJmam5ydnp+So6SlpqeoqaqrrK2ur6/8QAHwEAAgIDAQEBAQEAAAAAAAAAAQACAwQFBgcICQoL/8QAtREAAgIBAgMFBQQFBgQIAwNtAQACEQMEIRIxQQVRE2EiBnGBkTKhsfAUwdHhI0IVUmJy8TMkNEOCFpJTJaJjssIHc9I14kSDF1STCAkKGBkmNkUaJ2R0VTfyo7PDKCnT4/OElKS0xNTk9GV1hZWltcXV5fVGVmZ2hpamtsbW5vZHV2d3h5ent8fX5/c4SFhoeIiYqLjI2Oj4OUlZaXmJmam5ydnp+So6SlpqeoqaqrrK2ur6/90ABAA5/9oADAMBAAIRAxEAPwD1TirsVdirsVdirsVdirsVdirsVdirsVdirsVdirsVdirsVdirsVdirsVdirsVdirsVdirsVdirsVdirsVdirsVdirsVdirsVdirsVdirsVdirsVdirsVdirsVdirsVdirsVdirsVdirsVdir/AP/Q9U4q7FXYq7FXYq7FXYq7FXYq7FXYq7FXYq7FXYq7FXYq7FXYq7FXYq7FXYq7FXYq7FXYq7FXYq7FXYq7FXYq7FXYq7FXYq7FXYq7FXYq7FXYq7FXYq7FXYq7FXYq7FXYq7FXYq7FXYq7FXYq/wD/0fVOKuxV2KuxV2KuxV2KuxV2KuxV2KuxV2KuxV2KuxV2KuxV2KuxV2KuxV2KuxV2KuxV2KuxV2KuxV2KuxV2KuxV2KuxV2KuxV2KuxV2KuxV2KuxV2KuxV2KuxV2KuxV2KuxV2KuxV2KuxV2Kv8A/9L1TirsVdirsVdirsVdirsVdirsVdirsVdirsVdirsVdirsVdirsVdirsVdirsVdirsVdirsVdirsVdirsVdirsVdirsVdirsVdirsVdirsVdirsVdirsVdirsVdirsVdirsVdirsVdirsVdir/AP/T9U4q7FXYq7FXYq7FXYq7FXYq7FXYq7FXYq7FXYq7FXYq7FXYq7FXYq7FXYq7FXYq7FXYq7FXYq7FXYq7FXYq7FXYq7FXYq7FXYq7FXYq7FXYq7FXYq7FXYq7FXYq7FXYq7FXYq7FXYq7FXYq/wD/1PVOKuxV2KuxV2KuxV2KuxV2KuxV2KuxV2KuxV2KuxV2KuxV2KuxV2KuxV2KuxV2KuxV2KuxV2KuxV1RirsVdirsVdirsVdirsVdirsVdirsVdirsVdirsVdirsVdirsVdirsVdirsVdirsVdir/AP/V9U4q7FXYq7FXYq7FXYq7FXYq7FXYq7FXYq7FXYq7FXYq7FXYq7FXYq7FXYq7FXYq4mnyxVDy6haR1BkDHwX4j+GKoSTWf99x/It/QYqhn1C7k/boPAbYqoM7t9pifpriqznQ7Gh9tsVVo7+6j+zISPA7/rxVEx61INpEDe42xVFxataP9olD7j+mKomOaKQVRw3yOKr8VdirsVdirsVdirsVdirsVdirsVdirsVdirsVdirsVdirsVdirsVdir//1vVOKuxV2KuxV2KuxV2KuxV2KuxV2KuxV2KuxV2KuxV2KuxV2KuxV2KuxV2KuxVA6nftbBUQfG9SWpXiB3piqVNLJNu8hkHzqPu6Yqt4jFW+I7Yq7h74q4IMVWtGKYqpMpHfFVi82rTp3PQffirkntufD14+fhyp+J2xVE0lXenyYf1GKoiG/uU2DkjwO/68VRkeqP8AtoD7jb+uKomO+t3/AGuJ98VV1ZWFVII8RvireKuxV2KuxV2KuxV2KuxV2KuxV2KuxV2KuxV2KuxV2KuxV//X9U4q7FXYq7FXYq7FXYq7FXYq7FXYq7FXYq7FXYq7FXYq7FXYq7FXYq7FXYq7FUq1UMLmN/2StPuOKoRooX3pxb+Zdjiqxra4G6MJB4NsfvGKqZd0/vEZPelR94xVerq32WB+WKrgcVcaYqoTxs8ZVJDEx6SAAkfKoI/DFWB6r5Q/M2C8e+0TzZBfq2w0zWrNPSArX4JrXg6fPjiqCm87+e9CUL5l8nXNzDsJL7Q2XUYQO59FuE4GKo7QvzV8garMLe01hbO/qQbCYS2lyGArQ28q/F/sOeKpnH56gacR2kFxqa1o7JGI2p7UrU/64TFWXafK11CJfQmtSafu5wobf/VLDFUXwPehxVtaqaqSp9tsVVkup1/a5f62+Kqy3/8AOh+a7/rpiqulzC+wcV8DsfxxVUxV2KuxV2KuxV2KuxV2KuxV2KuxV2KuxV2KuxV//9D1TirsVdirsVdirsVdirsVdirsVdirsVdirsVdirsVdirsVdirsVdirsVdirsVSPXrZZ7mGrvEyKTHJG3FlJO9DuP9iw44qljtrNvQhY7+Idf+Pef/AI2ib/kniraa7YCQRTs9lMekd0pir/qvvE30PiqZJcdOQ5Kdw3UH5Hviq4wWM27IAfFdjiq1tOb/AHRP/sZBX8cVUZIr2IfvIeS/zIa4qpCaAmhbifBtj+OKrvSDCqmuKtrE4xVLtT8q6DqzRvqdlHcywuJIZZERpEZTUFHYM6/7FsVTW2tLSBRHBAkSL0VVApiqL3PXFWwK98VXBBirvTxVoxkYq70z33GKrlLJ9lmWnYdPuxVWW6lA3Ab8MVVoZxJ8JBV+vE+HsRiqrirsVdirsVdirsVdirsVdirsVdirsVf/0fVOKuxV2KuxV2KuxV2KuxV2KuxV2KuxV2KuxV2KuxV2KuxV2KuxV2KuxV2KuxVJtfaWOkkSerKI24RVpyII2riqV6fqkN6XRY5IZo1DSQyqVIBNAd/cHFUU6oyFXUMh6qRUH6DiqCGh6epP1VpLBjvW2fgtfeM8ov8AhMVVBb+YbdaxyW+ooOz1t5SPmOcZP0Jirh5hityBqFvPYHu0qFo/+RkfNPvxVNLTUILiMSW0yTRn9qNgw+8HFVST0ZBSRA3zGKoZtPtq1iZoif5Ttiqn6F5H9l1lXwYUOKuF0UNJoWT3X4hiqsl1auaCQV8DsfxxVWG4qPvGKrgBiq8YquGKuJpiqm0lNyQB4nbFXK8j/YUsPECg+84qqpaztuzhB4L8R+84qrCGNHQipap+Imp6Yqr4q7FXYq7FXYq7FXYq7FXYq7FXYq7FX//S9U4q7FXYq7FXYq7FXYq7FXYq7FXYq7FXYq7FXYq7FXYq7FXYq7FXYq7FXYq7FUr1nZoD/rfwxVAg9+/SvfFXHFXYqqo1PbviqssjdOoPUHFUBdeX9Gun9Vrf0Z+08DNDJ/wUZU4qoHSdZt97HVTInaG9jEo/5GJwf7+WKuOoa3b7Xem+qg/3dZSCT/km/B8VXR+Y9IZxE9x9WmP+6rlTC3/DhQfoOKoz11IDdVPRh0xVRkEEn2gK++KqDRhD+7dkPsTiq4Xl9GNpA48GH8cVVE1qQGkiKPFhX+3FVZdY5NRFDA96mn6sVRcZeVQWfiPBRT8TiqtHDApqAK+J3P3nFUQreAxVBza7p0chhSX6xcL1gtwZnr4EJUL/ALI4qirOaaZQ80BtzSqRsQWAP81KgH6cVROKuxV2KuxV2KuxV2KuxV2KuxV2KuxV/9P1TirsVdirsVdirsVdirsVdirsVdirsVdirsVdirsVdirsVdirsVdirsVdirsVS7WR8MB/yj+rFUuxVxxVqu2KrlOKqobFVUHFXE4q1XFVKeOGeMpNGsqHqrgMPuOKpVJ5c0sMXthJZyHq1tI0Q+lRVD9KYqh5LHXIP95r9J0H+67qIV/4OLj/AMm8VUJNQ1iD/ejTGlXu9nKkn/CSek+KqJ8yaSu08z2bdCt3G8O/zYcP+GxVWS7s5wGguYZQe8cqN+o4qiYJoo6F5Y0A68nUfrOKplb6vY8eMcv1hx+xbgyn7x8P/DYqrevq8wpDDHaKf92Tn1X+iNKL/wAFJiqqNISan16eW88UduEX/IqPiv8AwfPFUwt4Le3jEcEaxp2RFCj7hiqIT+8b2AH8cVX4q7FXYq7FXYq7FXYq7FXYq7FXYq7FX//U9U4q7FXYq7FXYq7FXYq7FXYq7FXYq7FXYq7FXYq7FXYq7FXYq7FXYq7FXYq7FUBq4/cxnwf9YOKpcVxVaRiq09MVXLiqquKqlcVaLYq0Tiq0nFVNsVQ0r70X78VUS7fP54qpSEMtGUEdwdx+OKpc+laWX5NZ25Y71MMZO/8AscVRNpo+kK4YWVuGrUH0k/pirIrdEWMBVAHgAAPwxVXUnFVZMVVlxVVj+0596fcBiq/FXYq7FXYq7FXYq7FXYq7FXYq7FXYq/wD/1fVOKuxV2KuxV2KuxV2KuxV2KuxV2KuxV2KuxV2KuxV2KuxV2KuxV2KuxV2KuxVBasP9FB8HXFUuOKqbYqtOKr064qqAjFW64q44qtJxVY8ir3qfbFUO8jH2GKqJxVYcVWN0xVQfriqKtuoxVOIvsDFVVcVVkxVXTqMVVYuhPix/Xiq/FXYq7FXYq7FXYq7FXYq7FXYq7FXYq//W9U4q7FXYq7FXYq7FXYq7FXYq7FXYq7FXYq7FXYq7FXYq7FXYq7FXYq7FXYq7FUJqgrZt7Mp/HFUrPQYqpnFVuKrlbFVwbFV3MAVJoMVWPOP2fvxVRZmPU1xVaTiqwnFVpxVYcVWNiqg/28VRdr1GKpvH9kYqqriqsmKq8X2hiqpAaxA+JP6ziqpirsVdirsVdirsVdirsVdirsVdirsVf//X9U4q7FXYq7FXYq7FXYq7FXYq7FXYq7FXYq7FXYq7FXYq7FXYq7FXYq7FXYq7FULqf+8T/wCx/wCJDFUqPTFVJjiqyuKrQ2KrudBX6MVWliTucVaOKuxVaTiq0nFVpxVaRiqxsVUX+1iqKtuoxVNk6DFVZcVVUxVERda+GKqlv/cJ/qg/fiqpirsVdirsVdirsVdirsVdirsVdirsVf/Q9U4q7FXYq7FXYq7FXYq7FXYq7FXYq7FXYq7FXYq7FXYq7FXYq7FXYq7FXYq7FUNqX+8UvyH6xiqUH7OKqT4qpk4qtrviq1zsMVa5mmKt+piruWKtE4q0Tiq0nFVpxVa3TFVBvt4qjLbqMVTROgxVWXFVZMVVlNEc+Ck/hiqIjFI1HgB+rFV2KuxV2KuxV2KuxV2KuxV2KuxV2KuxV//R9U4q7FXYq7FXYq7FXYq7FXYq7FXYq7FXYq7FXYq7FXYq7FXYq7FXYq7FXYq7FVG9UtaSgfynFUk/ZGKqT4qpE4qsJxVaxrQ1xVrl2/DFWqntirXLxGKt8vfFXcsVdirRxVa2KqLfbxVF23UYqmidsVVl6YqrJiqqN439xT78VRYFBTFXYq7FXYq7FXYq7FXYq7FXYq7FXYq7FX//0vVOKuxV2KuxV2KuxV2KuxV2KuxV2KuxV2KuxV2KuxV2KuxV2KuxV2KuxV2KuxVqReSMviCPvxVjtSFAxVSdsVUziqk2KqZOKtCuKthtsVbrirtjirW/bFXcjiruXvirTGuKqR+3iqMteoxVMkxVXXFVVMVVlFVI8SB+OKovFXYq7FXYq7FXYq7FXYq7FXYq7FXYq7FX/9P1TirsVdirsVdirsVdirsVdirsVdirsVdirsVdirsVaZlUVYgDxOKoSbVbWOoBLnwXp9+KoOXWpzX00C+53OKoZ7+8frKwr2G36sVUjLMTUu33nFXCWYdHYH5nFVaO/vU6SEjwbfFUVFrMo2kjDe67YqrPq8RT92p5H+boMVQHpHjX7Q8cVUHQV/hiqjIKYqoMcVUy2KreR64quDA4q7FXVOKurirq4q0TiricVWb1+nFUZbdRiqZIMVV16YqrJiqvHvx/1h/XFUTirsVdirsVdirsVdirsVdirsVdirsVdir/AP/U9U4q7FXYq7FXYq7FXYq7FXYq7FXYq7FXYq0wrTFUPLd20P2pAWH7I3OKUFNq8h2hTiP5jucUIGWaWU1kct8ztiqymKupirqYq3xxVumKu44q2FxV0i/uyfDfFVgZhuNj7Yqu9YnZgGH44qsYRt0YoffcYqoSwSAEheSjuu+KoVvbFVvLFXVxVuuKu5Yq4MCcVbrirWKtcvHFWl64qjrX7QxVM1xVVXpiqqpxVXgPxqPmfuGKorFXYq7FXYq7FXYq7FXYq7FXYq7FXYq7FX//1fVOKuxV2KuxV2KuxV2KuxV2KuxV2KuxVCXGowRbL8beA6ffiqXT31xNsW4r/KNsVQxGKupirVMVdTFW98VdTFW8VbpirYxVsYqsmaihf5uvyGKqdcVaxVacVbFRuNj4jFVksSSfaHxfzDriqHe0cfYao8Dtiqi6Oho6lffFVoOKt1xVbUYq4E4q3yOKu71xVtDviqPtaVGKpiuKqq4qqr74qiLfeX2C/rOKorFXYq7FXYq7FXYq7FXYq7FXYq7FXYq7FX//1vVOKuxV2KuxV2KuxV2KuxV2KuxVD3F7FDtXk/8AKMVS24vJ5ti1F/lGwxVD4q1irVMVapirqYq3irhireKt4q4Yq3irdMVUJ3BenSgp9OKrK4q7FXYq1irsVdirf6vDtiqm9tC/UcSfDbFVB7Fx9lqj3xVQeGVPtKaeIxVZtirWKuriq5OuKpjZ1xVMUG25xVWWuKqiriqKth8bH2A/XiqIxV2KuxV2KuxV2KuxV2KuxV2KuxV2KuxV/9f1TirsVdirsVdirsVdirsVcSBucVQF3fdUiO3dsVS8mu564qtxVrFXYqtxV2KuxV2Kt4q6mKuxVdirq4q6uKoVzyY1FQScVcCOmKt4q44q1irsVdireKuYHgT9xxVaHYYqu5g9Riqx4IH6ih8cVUH0+u6Niqg1pcL2riraWl11KEDxIxVMLWGRR8RpiqPjAxVXGKrxiqLtv2z7gfcMVVsVdirsVdirsVdirsVdirsVdirsVdirsVf/0PVOKuxV2KuxV2KuxV2KuxVAX10amNDt+0cVQBxVbXFWsVaxVrFWsVdirsVdireKuxV1cVdXFXVxVvFVjRKd+hOKqbROO3IYqs7/ANcVb3xVrFXYq2KnpirvUjX/ACj4dsVbZiy1PY9O2KraV6Yq1Q4q2AcVXqhxVWjik7mg8TiqsGCig+L54q0OuKqiDfFVYYqqKKkdziqNiXigHfqfpxVfirsVdirsVdirsVdirsVdirsVdirsVdir/9H1TirsVdirsVdirsVdiqncSenEzd+2KpKzEkk4qtJxVbXFWjirWKuxV1cVdXFWq4q6uKurirq4q6uKurirq4q3yxV1cVdXFWjQjcVxVY0Y6jbFVNiB1+/FVFrhB0+I/hiqm0rv1NB4DFVyHFXXF7DbgRsazSU4R9/mfAYqiYqMgxVUC17Yq3xRftNT2xVwnVfsDfxOKu9Vm6muKr1JOKqqDFVZcVRUNtI+5+FfE9cVRccSIPhG/j3xVfirsVdirsVdirsVdirsVdirsVdirsVdirsVf//S9U4q7FXYq7FXYq7FXYqhb41QJ3IJH0YqlDHfFWq4q1irWKtVxV1cVcTirVcVarirq4q6pxVqpxVupxV1cVdU4q6uKu3xVouo6nfwxVSkukXqQPnucVQ0l6T9kV9z/TFVFpGf7RrirQOKqd3fWdjB9YvZ0toOgkkbiCfBe7H2XFUlbzVdX4aPQ7ZySeIu5Vp/slQ/8b/8DiqZaJoNxATcX0plmc8mZzU8j3qcVT31oYxQHkfbFVNruRth8I9sVWAknFVRK4qroMVVl6frxVFWkDXHxJ/d/wA56fR44qmUNrFFuByb+Y4qrYq7FXYq7FXYq7FXYq7FXYq7FXYq7FXYq7FXYq7FX//T9U4q7FXYq7FXYq7FXYqg77kJIn7Co/ViqGu7ME84j134nFUAQVNCKHFWq4q6uKtE4q1XFXVxV1cVaxV2KtYq7FXYq4kdziq1pEA3OKqT3sS9xiqHk1Gv2QT+GKqD3Ur96D2xVTriq4HFULf6tpunqDeXKQsfsxk1dv8AVQVY/diqXfpvV9Q+DR7ExKdvrd2KUHisQ/43OKt2vk63a5F7rFw9/eH9qQ1C+yj7KL7LirIITDboEtoliUeAGKtmR23JJxVsYqvUYqqKMVVQabnYYqhrvVoLYbAyP2Vf4nFUdo2m3uocbq//AHdr1jt125e7eIxVk6qqqFUUUbADoBireKuxV2KuxV2KuxV2KuxV2KuxV2KuxV2KuxV2KuxV2Kv/1PVOKuxV2KuxV2KuxV2KqV0gaBq9tx9GKoSR1MakGop1xVBTTdnUMPHviqGaWDsSp8DirXNT0YHFXcl8cVaqvjirqjxxV1fDfFXUb+U/diq1nC9aD5kD+OKqL3kC9XX5A1/Viqi+pwjoa/IYqovqp/ZX78VUG1CdvAYqpGaRvtMTirQOKrhiqjdX1lZx+pdzx28f80rBB+JxVKG85WkxMek2s+pydA0amOGv/GR6f8KrYq5bLzlqY/0u5j0m2brFa7y08DK+/wDwKriqYad5X0XT29VYzPcn7c8pLuT7s1WxVNfVIXioCr2A2GKtVOKrhiq4UxVUGKttIqKWdgqjqxNAMVUodQgmfjA3qU6v+ziqJA5faNfniqK0nQorqf6zOtYUPwqejMMVZSAAKDYDoMVdirsVdirsVdirsVdirsVdirsVdirsVdirsVdirsVdirsVf//V9U4q7FXYq7FXYq7FXYq4gEEHodsVSqPo8LbMCeJ9xsRiqWXVwIiRMCv+WBVfp7jFUI0iSCsbBx4qQf1YqhnamKqLSyDox+/FVM3M9dnP34qtN1cf78b78VaN1cn/AHa33nFVhlkP2nY/ScVW8sVarirdcVXcXIrxNPGmKoS61bSrNeV3ewQePqSop+4nFUqk8+eWg3G3mlvn7C1hkkH/AARCp/w2KtL5i8x3m2maC6g9Jr2UIPnwj5H/AIbFV40Xznfb6hq62MR6wWKBDTw9RuT4qibPyT5ct5frE8bX11/v+5ZpWr83Jp9GKp5GYYV4wRrGvgoxVsyMe+KtAnFWwcVXA4quB3xVsyKv2jTFVpua7IPpxVKtbUywqCSzVG3b7sVRmiw+nHuN8VThOlcVZZZxCK1iQClFFfn3xVWxV2KuxV2KuxV2KuxV2KuxV2KuxV2KuxV2KuxV2KuxV2KuxV//1vVOKuxV2KuxV2KuxV2KuxVLtQhKyCQbBu/gwxVAXarIhJG/cYqkF5p8TMWX4X/mWqn7xiqXSx6jH/d3DEeDgOPx3xVCve6snWOKT6GX9RxVDyazfp9qyUn2kI/WMVUG8x3Y/wClaT8pv+bMVUm8zaj+xpBPzm/omKrD5g8xP/daIpP+VM/8EGKrG1Hz5J/daXZw+Bcyv+tkxVZ6P5kz/wDH1ZWoP++7dGI/4NnxVcPLfnKcUuvMsyA9RAkcf/EUH68Vd/yruylPLUdTvb09xLPIQfo5U/DFUfZeSvKNkaxWEbP/ADuAT9+KpxElnAKQwInhRRiqobljsNsVW+ox74q7liq4HFV1cVdyxVvke3TxOKrDcx1oG5nwXp9/TFXGdyNvhHtiqwsAOTHbxOKqL6hCmy/GfbYffiqiJjNMGensOwxVO7NoiAqihxVHIKUHuP14qzAdBirsVdirsVdirsVdirsVdirsVdirsVdirsVdirsVdirsVdirsVf/1/VOKuxV2KuxV2KuxV2KuxVbLGsiFG6HFUluYmjYqdmHf2xVK7lOu33Yql0wGKoVwMVUmVSd1BxVYUT+UYq18I6KMVdzp2GKu5nsBirvVbxpirubHviruR8cVdirYJxVdU4q2Diq4HFVwJxVRub20ttp5QrUqIxux+gYqg31tnNLaKg/nk3/AOFG2KuVppjymcsPDoPu6Yqr+tDENyBTtiqlJfsdohT3OKoZ3kfd2LH3xVoDFVSNTUUxVNrSVlptWnbFU5ilV0Dr2pUdwcVZkhqikdCAcVbxV2KuxV2KuxV2KuxV2KuxV2KuxV2KuxV2KuxV2KuxV2KuxV//0PVOKuxV2KuxV2KuxV2KuxV2KqF3arOng4+y38MVSC5gZWKOKMO2KpbPBuaYqgZEIPTFVBhiqmRviq0jFVuKuxVrFWxirsVbGKtjFVwqcVXiNvlirZoMVQt9fJbx+LHZEHc/0xVIuLSyNLJ8TsdycVV4wV+zTFVQPKdi1PlirdP8ziq4DFVwUnFVaO3Y9dsVR0FmSQAKnFUyt7FQPi+4YqizAIwGXp0YexxVlli/OzgbxRf1UxVXxV2KuxV2KuxV2KuxV2KuxV2KuxV2KuxV2KuxV2KuxV2KuxV//9H1TirsVdirsVdirsVdirsVdirsVULq0iuEowow+y46jFWP3tlLA3GQbH7LjocVS2WM4qhJE33UH8MVUWSPurD5HFVNki8WH0DFVjKn8x+7FVpVf5vwxVriPH8MVdRfE/dirfEeBOKrgp8PvxVcFHfFV3JRiq13amKoeef042frQYqkjtJLIZJN2P4e2KqiIAKYqqAYquAxVeq1OwriqtHbsx8MVRkFmT0WvviqOhslH2tz4DFUbEigUAAHtiqugxVVI5RsviMVT3Q5Oemx+Kkr+OKo/FXYq7FXYq7FXYq7FXYq7FXYq7FXYq7FXYq7FXYq7FXYq7FX/9L1TirsVdirsVdirsVdirsVdirsVdiq2WKOVCkihlPUHFUh1HRZY6yW9ZI+6/tD+uKpHIg+R7g4qotGMVUnjAxVSZRiqyg8MVaI9sVdtirqjFXcsVbrire9OmKtcGOKoe8jBj4eOKpX6fE074q2FGKr1QnpiqvHbE9cVRkNk3hT3OKo6K2jXtU+/TFUQq9MVVVAxVUXFVRTiqqpxVNfLr/uZ4v5JK/QwxVN8VdirsVdirsVdirsVdirsVdirsVdirsVdirsVdirsVdirsVf/9P1TirsVdirsVdirsVdirsVdirsVdirsVdiqReYLFWkSaMUcg8wO9O+KpKYkA3Pxe/TFUPKgGKoZxiqkcVWGuKtHFXfPFWuSjFXeqBirXq16YqvRq9cVauF+ENTbocVSsxMZCe2Kq0VtU9K4qjIrQd9vl1xVFRxIvQb+OKqoGKqqjFV4xVeOmKr1xVUGKrwcVR+hycdQdO0qV+lTirIMVdirsVdirsVdirsVdirsVdirsVdirsVdirsVdirsVdirsVf/9T1TirsVdirsVdirsVdirsVdirsVdirsVdiqA1Dd1H+T/HFUmu4FrUCmKpZMnH5YqhJGA6jFUM7jFVJpfDFVhmOKrDKfHFWi5OKtiuKrxiqoppirbHmpU9MVWrbrWvXFUQkYHTbFVVUxVeoxVUAxVcB0xVeMVXDFVwxVeDiq8HFVe0l9K8gk6AOA3ybbFWVYq7FXYq7FXYq7FXYq7FXYq7FXYq7FXYq7FXYq7FXYq7FXYq//9X1TirsVdirsVdirsVdirsVdirsVdirsVdiqX35/ffIDFUtnClGO5YED5A4qllwu22KpbPXFUFIcVUGJrirVK4q7jiq4Liq4Liq8Liq8Liqoq4qqKuKqiriq8DFVwxVcBiq7FVwxVcKYquGKrhiq4HFW2O1B17YqyyznWe2jlBryUV+ffFVbFXYq7FXYq7FXYq7FXYq7FXYq7FXYq7FXYq7FXYq7FXYq//W9U4q7FXYq7FXYq7FXYq7FXYq7FXYq7FXYqlt8f359gMVS2ZqNXqDsw8RiqAnG1a8h0qOv04qlk4riqDkG1MVUeOKtBcVXcMVbC4qvC4qvC4qvC4qvVcVXgYqvAxVeBirYGKrgMVbxVcMVbrirfIDFXBz2GKrwWPtiq5QBviqrZ30lnIRFIFZiWMTEUYePGtf9kMVZLp9/Heweoo4sp4yJ4HFUVirsVdirsVdirsVdirsVdirsVdirsVdirsVdirsVdir/9f1TirsVdirsVdirsVdirsVdirsVdirsVdiqV3h/wBIk+Y/UMVS6fviqAlqK0xVATLU4qg5F64qpFcVdxxVvjXFVwXFVwXFV4GKrgMVXriq4DFVwGKrhiq4Yq2MVdyGKuBJ6CmKt8fE1xVeAMVXDFV1cVdyxVSltYJZopmjVpoaiORgCyhuvE9RXFU00GYxah6Y+xOKEe6ioOKsnxV2KuxV2KuxV2KuxV2KuxV2KuxV2KuxV2KuxV2KuxV//9D1TirsVdirsVdirsVdirsVdirsVdirsVdiqUXZ/fyf62KoCbviqCl6YqgZRviqFkG+KqRGKtUxVcBirdMVbGKrhTFVwxVcMVXAjFV3IYq7ka7DFVw5YqupXqcVbAGKrhirsVXYq3XFXVxV1cVcCSaDr7Yqn+i6S8TC5n2enwJ3Fe5xVOsVdirsVdirsVdirsVdirsVdirsVdirsVdirsVdirsVf//R9U4q7FXYq7FXYq7FXYq7FXYq7FXYq7FXYqk10f38v+scVQU3fFUHLiqCl6nFUK4xVSIxVqmKrhiq6mKtgYq3TFW6DFWwBiq4AYquGKrhirYOKt4q2DireKuxVuuKt4q3iqJtNOubpqRoSvdug+k4qyLT9Ht7Wjt+8m/mPQfIYqj8VdirsVdirsVdirsVdirsVdirsVdirsVdirsVdirsVdir/9L1TirsVdirsVdirsVdirsVdirsVdirsVdiqRzms0h/y2/XiqElPXFUHLiqElG5xVDSAVxVSIxVrFWwMVbGKtjFVwxVvFW8VbxVcDirYpirdcVbrirdcVbrirq4q2MVRVpp91dGkSEju3RR9OKp9ZaDbw0af96/8v7I+jviqaKoUAKAAOgGwxVvFXYq7FXYq7FXYq7FXYq7FXYq7FXYq7FXYq7FXYq7FXYq7FX/0/VOKuxV2KuxV2KuxV2KuxV2KuxV2KuxV2KpA5qzHxY/rxVDS4qhZcVQkuKoZxiqmcVW0xV2KtjFVwxVvvirYxVvFW8VbGKt4q6uKt1xVuuKtiuKoq0066uWpEhI7t0A+nFU/svL0EVGuD6r/wAg2X+3FU2VFVQqgKo6AbDFW8VdirsVdirsVdirsVdirsVdirsVdirsVdirsVdirsVdirsVdirsVf/U9U4q7FXYq7FXYq7FXYq7FXYq7FXYq7FWmNFJ8BXFWO12xVRkOKoaTFUI/fFUO+KqRxVrFWsVbGKrhirYxVuuKurirYxVsYq3irgTirYxVH2WjX11QqnCP+d9h/XFU+svLtpBRpv3z+B2X7sVTVUVVCqAqjoBsMVbxV2KuxV2KuxV2KuxV2KuxV2KuxV2KuxV2KuxV2KuxV2KuxV2KuxV2KuxV//V9U4q7FXYq7FXYq7FXYq7FXYq7FXYq7FVsoLROB1KkD7sVY70WnhiqjIcVQ0hxVCyYqoPiqkcVaxVrFXYq2DirYxVvfFW8VbxVvFW1R3IVQST0A64qm1l5bvZ6NL+4Q/zfa/4HFU+stDsLWhCepIP233+4dMVTDFXYq7FXYq7FXYq7FXYq7FXYq7FXYq7FXYq7FXYq7FXYq7FXYq7FXYq7FXYq7FXYq//1vVOKuxV2KuxV2KuxV2KuxV2KuxV2KuxV2KpNqNo0TmRR+7b8DiqWyVxVDSHFUM+KqD4qpnFWiMVaxV2KuGKtjFV2KtgVxVE22nXlx/cxM48QNvvO2Kp1Z+VTs11JQf77Tc/SxxVO7Wws7VaQRBT3bqx+k4qiMVdirsVdirsVdirsVdirsVdirsVdirsVdirsVdirsVdirsVdirsVdirsVdirsVdirsVdir/AP/X9U4q7FXYq7FXYq7FXYq7FXYq7FXYq7FXYq4gEUIqD2xVLbzRo5KtAfTfwO6/2Yqk11pt5DXnESo/aX4h+GKpe64qoOMVUjiq3FWsVdQ+GKrlR2NFBJPYbn7hiqYW2hanPSkLKD+0/wAI/HFU1tvKW4NxNt/LGP4n+mKprbaLptvQrCGYftP8R/HbFUcAAKAUHgMVdirsVdirsVdirsVdirsVdirsVdirsVdirsVdirsVdirsVdirsVdirsVdirsVdirsVdirsVdirsVf/9D1TirsVdirsVdirsVdirsVdirsVdirsVdirsVdirsVUZrK0m/vYUf3IFfvxVAzeW9Nk+yHj/1W2+5q4qhP8IW3e5k+5f6Yq7/B9pXe4l/4X+mKq6eVdKX7Qkf5uR+qmKohNA0hKUtlJHdiT+s4qjIra3hFIokj/wBVQP1YqqYq7FXYq7FXYq7FXYq7FXYq7FXYq7FXYq7FXYq7FXYq7FXYq7FXYq7FXYq7FXYq7FXYq7FXYq7FXYq7FXYq7FX/0fVOKuxV2KuxV2KuxV2KuxV2KuxV2KuxV2KuxV2KuxV2KuxV2KuxV2KuxV2KuxV2KuxV2KuxV2KuxV2KuxV2KuxV2KuxV2KuxV2KuxV2KuxV2KuxV2KuxV2KuxV2KuxV2KuxV2KuxV2KuxV2Kv8A/9L1TirsVdirsVdirsVdirsVdirsVdirsVdirsVdirsVdirsVdirsVdirsVdirsVdirsVdirsVdirsVdirsVdirsVdirsVdirsVdirsVdirsVdirsVdirsVdirsVdirsVdirsVdirsVdirsVdir/AP/T9U4q7FXYq7FXYq7FXYq7FXYq7FXYq7FXYq7FXYq7FXYq7FXYq7FXYq7FXYq7FXYq7FXYq7FXYq7FXYq7FXYq7FXYq7FXYq7FXYq7FXYq7FXYq7FXYq7FXYq7FXYq7FXYq7FXYq7FXYq7FXYq/wD/1PVOKuxV2KuxV2KuxV2KuxV2KuxV2KuxV2KuxV2KuxV2KuxV2KuxV2KuxV2KuxV2KuxV2KuxV2KuxV2KuxV2KuxV2KuxV2KuxV2KuxV2KuxV2KuxV2KuxV2KuxV2KuxV2KuxV2KuxV2KuxV2Kv8A/9X1TirsVdirsVdirsVdirsVdirsVdirsVdirsVdirsVdirsVdirsVdirsVdirsVdirsVdirsVdirsVdirsVdirsVdirsVdirsVdirsVdirsVdirsVdirsVdirsVdirsVdirsVdirsVdirsVdir/AP/W9U4q7FXYq7FXYq7FXYq7FXYq7FXYq7FXYq7FXYq7FXYq7FXYq7FXYq7FXYq7FXYq7FXYq7FXYq7FXYq7FXYq7FXYq7FXYq7FXYq7FXYq7FXYq7FXYq7FXYq7FXYq7FXYq7FXYq7FXYq7FXYq/wD/1/VOKuxV2KuxV2KuxV2KuxV2KuxV2KuxV2KuxV2KuxV2KuxV2KuxV2KuxV2KuxV2KuxV2KuxV2KuxV2KuxV2KuxV2KuxV2KuxV2KuxV2KuxV2KuxV2KuxV2KuxV2KuxV2KuxV2KuxV2KuxV2Kv8A/9k=" data-filename="ban-cau-inax-mot-khoi-ac-969vn.jpg"><br></p>', 0, 2975000, 1, 1, CAST(N'2023-03-07T04:20:52.520' AS DateTime), 1, CAST(N'2023-03-07T04:20:52.520' AS DateTime), 1)
INSERT [dbo].[Products] ([product_id], [cate_id], [brand_id], [code], [name], [url], [shortdescript], [description], [rating_star], [price], [out_of_stock], [status], [created_at], [created_by], [modified_at], [modified_by]) VALUES (4, 8, 2, N'070323PD4', N'Bàn Cầu Inax 2 Khối', N'ban-cau-inax-2-khoi-070323PD4', N'Hàng tuyển chọn chất lượng cao', N'<h2 style="text-rendering: optimizespeed; color: rgb(85, 85, 85); margin-bottom: 0.5em; width: 1050px; line-height: 1.3; font-size: 1.6em; font-family: Roboto, sans-serif;"><span style="font-weight: 700 !important;">Mô Tả&nbsp; Chi Tiết Bàn Cầu Inax 2 Khối C-108A+CW-S15VN Nắp Cơ</span></h2><p style="margin-bottom: 1.3em; color: rgb(120, 120, 120); font-family: Roboto, sans-serif; font-size: 16px;"><span style="font-weight: 700 !important;">Bàn Cầu Inax 2 Khối C-108A+CW-S15VN Nắp Cơ</span>&nbsp;là sản phẩm được kết hợp giữa bồn cầu 2 Khối C-108A và nắp rửa cơ CW-S15V. Sản phẩm được nâng cấp với một tính năng vượt trội hơn so với sản phẩm nắp rửa thông thường. Tuy nhiên nó không tốn quá nhiều chi phí nâng cấp lên sản phẩm này. Vì vậy có thể nói&nbsp;<span style="font-weight: 700 !important;">Bàn Cầu Inax 2 Khối C-108A+CW-S15VN Nắp Cơ</span>&nbsp;là sản phẩm đáng đồng tiền bát gạo để bạn đầu tư cho nó.</p><h3 style="text-rendering: optimizespeed; color: rgb(85, 85, 85); margin-bottom: 0.5em; width: 1050px; font-size: 1.25em; font-family: Roboto, sans-serif;"><span style="-webkit-box-decoration-break: clone;">Bản vẽ kỹ thuật dùng để lắp đặt cho Bàn Cầu Inax 2 Khối C-108VA+CW-S15VN</span></h3><p style="margin-bottom: 1.3em; color: rgb(120, 120, 120); font-family: Roboto, sans-serif; font-size: 16px;">Các thông số kỹ thuật dùng để lắp đặt cho&nbsp;<span style="font-weight: 700 !important;">bồn cầu Inax 2 Khối C-108VA+CW-S15VN</span>. Bạn nên tham khảo kích thước và hình dạng trước khi quyết định mua sản phẩm. Để có thể lựa chọn kiểu dáng và kích thước phù hợp với không gian và style của ngôi nhà bạn nhé.</p>', 0, 2641000, 1, 1, CAST(N'2023-03-07T04:21:55.950' AS DateTime), 1, CAST(N'2023-03-07T04:21:55.950' AS DateTime), 1)
INSERT [dbo].[Products] ([product_id], [cate_id], [brand_id], [code], [name], [url], [shortdescript], [description], [rating_star], [price], [out_of_stock], [status], [created_at], [created_by], [modified_at], [modified_by]) VALUES (5, 8, 2, N'070323PD5', N'Bàn Cầu Inax 2 Khối Nắp Đóng Êm', N'ban-cau-inax-2-khoi-nap-dong-em-070323PD5', N'Kích thước	77 × 37 × 69.6 cm', N'<h2 style="text-rendering: optimizespeed; color: rgb(85, 85, 85); margin-bottom: 0.5em; width: 1050px; line-height: 1.3; font-size: 1.6em; font-family: Roboto, sans-serif;"><span style="font-weight: 700 !important;">Mô Tả Chi Tiết Bàn Cầu Inax 2 Khối C-108VAN Nắp Đóng Êm</span></h2><p style="margin-bottom: 1.3em; color: rgb(120, 120, 120); font-family: Roboto, sans-serif; font-size: 16px;">Bàn Cầu Inax 2 Khối C-108VAN Nắp Đóng Êm là sản phẩm được nhiều người tiêu dùng Việt lựa chọn. Bởi kiểu dáng sang trọng nhỏ gọn phù hợp với diện tích phòng tắm và nhà vệ sinh có không gian vừa và nhỏ. Sản phẩm có bề mặt tráng men vượt trội, dễ dàng để nước cuốn trôi vết bẩn. Không cần phải tốn nhiều thời gian và công sức để lau chùi vệ sinh bồn cầu mà vẫn sạch sẽ, an tâm sử dụng. Còn với giá cả phải nói là không thể nào có thể hợp lý hơn.</p><h3 style="text-rendering: optimizespeed; color: rgb(85, 85, 85); margin-bottom: 0.5em; width: 1050px; font-size: 1.25em; font-family: Roboto, sans-serif;"><span style="-webkit-box-decoration-break: clone;">Bản vẽ kỹ thuật dùng để lắp đặt cho Bàn Cầu Inax 2 Khối C-108VAN</span></h3><p style="margin-bottom: 1.3em; color: rgb(120, 120, 120); font-family: Roboto, sans-serif; font-size: 16px;">Các thông số kỹ thuật dùng để lắp đặt cho bồn cầu Inax 2 Khối C-108VAN. Bạn nên tham khảo kích thước và hình dạng trước khi quyết định mua sản phẩm. Để có thể lựa chọn kiểu dáng và kích thước phù hợp với không gian và style của ngôi nhà bạn nhé.</p>', 0, 2416000, 1, 1, CAST(N'2023-03-07T04:23:46.740' AS DateTime), 1, CAST(N'2023-03-07T04:23:46.740' AS DateTime), 1)
INSERT [dbo].[Products] ([product_id], [cate_id], [brand_id], [code], [name], [url], [shortdescript], [description], [rating_star], [price], [out_of_stock], [status], [created_at], [created_by], [modified_at], [modified_by]) VALUES (6, 8, 2, N'070323PD6', N'Bàn Cầu Inax 2 Khối Nắp Cơ', N'ban-cau-inax-2-khoi-nap-co-070323PD6', N'Đặc biệt', N'<h2 style="text-rendering: optimizespeed; color: rgb(85, 85, 85); margin-bottom: 0.5em; width: 1050px; line-height: 1.3; font-size: 1.6em; font-family: Roboto, sans-serif;"><span style="font-weight: 700 !important;">Mô Tả Chi Tiết Bàn Cầu Inax 2 Khối C-117A+CW-S15VN Nắp Cơ</span></h2><p style="margin-bottom: 1.3em; color: rgb(120, 120, 120); font-family: Roboto, sans-serif; font-size: 16px;"><span style="font-weight: 700 !important;">Bàn Cầu Inax 2 Khối C-117A+CW-S15VN Nắp Cơ</span>&nbsp;là sản phẩm&nbsp;<span style="font-weight: 700 !important;"><a title="bồn cầu inax c117va" href="https://noithatrakhoi.com/san-pham/ban-cau-inax-2-khoi-c-117va-nap-thuong.html#c-117va" style="touch-action: manipulation; color: rgb(0, 0, 255);">bồn cầu inax 117</a></span>&nbsp;được kết hợp giữa bồn cầu 2 Khối C-117A và nắp rửa cơ CW-S15V. Sản phẩm được nâng cấp với một tính năng vượt trội hơn so với sản phẩm nắp rửa thông thường. Tuy nhiên nó không tốn quá nhiều chi phí nâng cấp lên sản phẩm này. Vì vậy có thể nói&nbsp;<span style="font-weight: 700 !important;">Bàn Cầu Inax 2 Khối C-117A+CW-S15VN Nắp Cơ</span>&nbsp;là sản phẩm đáng đồng tiền bát gạo để bạn đầu tư cho nó.</p><h3 style="text-rendering: optimizespeed; color: rgb(85, 85, 85); margin-bottom: 0.5em; width: 1050px; font-size: 1.25em; font-family: Roboto, sans-serif;"><span style="-webkit-box-decoration-break: clone;">Bản vẽ kỹ thuật dùng để lắp đặt cho Bàn Cầu Inax 2 Khối C-117A+CW-S15VN Nắp Thường</span></h3><p style="margin-bottom: 1.3em; color: rgb(120, 120, 120); font-family: Roboto, sans-serif; font-size: 16px;">Các thông số kỹ thuật dùng để lắp đặt cho&nbsp;<span style="font-weight: 700 !important;">bồn cầu Inax 2 Khối C-117A</span>. Bạn nên tham khảo kích thước và hình dạng trước khi quyết định mua sản phẩm. Để có thể lựa chọn kiểu dáng và kích thước phù hợp với không gian và style của ngôi nhà bạn nhé.</p><h3 style="text-rendering: optimizespeed; color: rgb(85, 85, 85); margin-bottom: 0.5em; width: 1050px; font-size: 1.25em; font-family: Roboto, sans-serif;"><span style="-webkit-box-decoration-break: clone;">Thông tin chi tiết của Bàn Cầu Inax 2 Khối C-117A+CW-S15VN Nắp Cơ</span></h3><table style="border-color: rgb(236, 236, 236); border-spacing: 0px; margin-bottom: 1em; width: 1050px; color: rgb(120, 120, 120); font-family: Roboto, sans-serif; font-size: 16px;"><tbody><tr><td style="border-bottom-width: 1px; border-bottom-color: rgb(236, 236, 236); font-size: 0.9em; line-height: 1.3; padding: 0.5em 0.5em 0.5em 0px; color: rgb(102, 102, 102);">Mã sản phẩm (Model Number)</td><td style="border-bottom-width: 1px; border-bottom-color: rgb(236, 236, 236); font-size: 0.9em; line-height: 1.3; padding: 0.5em 0px 0.5em 0.5em; color: rgb(102, 102, 102);">C-117A+CW-S15VN</td></tr><tr><td style="border-bottom-width: 1px; border-bottom-color: rgb(236, 236, 236); font-size: 0.9em; line-height: 1.3; padding: 0.5em 0.5em 0.5em 0px; color: rgb(102, 102, 102);">Công nghệ</td><td style="border-bottom-width: 1px; border-bottom-color: rgb(236, 236, 236); font-size: 0.9em; line-height: 1.3; padding: 0.5em 0px 0.5em 0.5em; color: rgb(102, 102, 102);">VORTEX FLUSH (Công nghệ xả VORTEX FLUSH, tạo đường dẫn nước thành vòng xoáy, dễ dàng cuốn trôi vết bẩn và chất thải chỉ trong một lần nhấn nút, tiết kiệm nước cho mỗi lần sử dụng)</td></tr><tr><td style="border-bottom-width: 1px; border-bottom-color: rgb(236, 236, 236); font-size: 0.9em; line-height: 1.3; padding: 0.5em 0.5em 0.5em 0px; color: rgb(102, 102, 102);">Lượng nước xả (Lít)</td><td style="border-bottom-width: 1px; border-bottom-color: rgb(236, 236, 236); font-size: 0.9em; line-height: 1.3; padding: 0.5em 0px 0.5em 0.5em; color: rgb(102, 102, 102);">Xả đại 4.8L, Xả tiểu 3.0L</td></tr><tr><td style="border-bottom-width: 1px; border-bottom-color: rgb(236, 236, 236); font-size: 0.9em; line-height: 1.3; padding: 0.5em 0.5em 0.5em 0px; color: rgb(102, 102, 102);">Hệ thống xả</td><td style="border-bottom-width: 1px; border-bottom-color: rgb(236, 236, 236); font-size: 0.9em; line-height: 1.3; padding: 0.5em 0px 0.5em 0.5em; color: rgb(102, 102, 102);">Xả thẳng</td></tr><tr><td style="border-bottom-width: 1px; border-bottom-color: rgb(236, 236, 236); font-size: 0.9em; line-height: 1.3; padding: 0.5em 0.5em 0.5em 0px; color: rgb(102, 102, 102);">Tâm xả</td><td style="border-bottom-width: 1px; border-bottom-color: rgb(236, 236, 236); font-size: 0.9em; line-height: 1.3; padding: 0.5em 0px 0.5em 0.5em; color: rgb(102, 102, 102);">300mm</td></tr><tr><td style="border-bottom-width: 1px; border-bottom-color: rgb(236, 236, 236); font-size: 0.9em; line-height: 1.3; padding: 0.5em 0.5em 0.5em 0px; color: rgb(102, 102, 102);">Kiểu xả</td><td style="border-bottom-width: 1px; border-bottom-color: rgb(236, 236, 236); font-size: 0.9em; line-height: 1.3; padding: 0.5em 0px 0.5em 0.5em; color: rgb(102, 102, 102);">Xả Nhấn siêu tiết kiệm nước</td></tr><tr><td style="border-bottom-width: 1px; border-bottom-color: rgb(236, 236, 236); font-size: 0.9em; line-height: 1.3; padding: 0.5em 0.5em 0.5em 0px; color: rgb(102, 102, 102);">Kích thước (mm)</td><td style="border-bottom-width: 1px; border-bottom-color: rgb(236, 236, 236); font-size: 0.9em; line-height: 1.3; padding: 0.5em 0px 0.5em 0.5em; color: rgb(102, 102, 102);">Dài x Cao x Rộng (770 x 370 x 696)</td></tr><tr><td style="border-bottom-width: 1px; border-bottom-color: rgb(236, 236, 236); font-size: 0.9em; line-height: 1.3; padding: 0.5em 0.5em 0.5em 0px; color: rgb(102, 102, 102);">Xuất xứ</td><td style="border-bottom-width: 1px; border-bottom-color: rgb(236, 236, 236); font-size: 0.9em; line-height: 1.3; padding: 0.5em 0px 0.5em 0.5em; color: rgb(102, 102, 102);">Nhập khẩu và lắp ráp tại Việt Nam</td></tr></tbody></table>', 0, 3307000, 1, 1, CAST(N'2023-03-07T04:51:00.847' AS DateTime), 1, CAST(N'2023-03-07T04:51:00.847' AS DateTime), 1)
INSERT [dbo].[Products] ([product_id], [cate_id], [brand_id], [code], [name], [url], [shortdescript], [description], [rating_star], [price], [out_of_stock], [status], [created_at], [created_by], [modified_at], [modified_by]) VALUES (7, 8, 2, N'070323PD7', N'Bồn cầu Inax giá rẻ 117 (C-117VA) Nắp Thường', N'bon-cau-inax-gia-re-117-c117va-nap-thuong-070323PD7', N'Rất đẹp', N'<h2 style="text-rendering: optimizespeed; color: rgb(85, 85, 85); margin-bottom: 0.5em; width: 1050px; line-height: 1.3; font-size: 1.6em; font-family: Roboto, sans-serif;"><span style="-webkit-box-decoration-break: clone; font-size: 23.04px;">Mô Tả Chi Tiết Bồn Cầu Inax 117 Nắp Thường</span></h2><p style="margin-bottom: 1.3em; color: rgb(120, 120, 120); font-family: Roboto, sans-serif; font-size: 16px;"><span style="font-weight: 700 !important;">Bồn cầu Inax 117</span>&nbsp;là loại&nbsp;<span style="color: rgb(0, 0, 255);"><span style="font-weight: 700 !important;"><a href="https://noithatrakhoi.com/bon-cau/bon-cau-inax/2-khoi-inax.html#tphcm" style="touch-action: manipulation; color: rgb(0, 0, 255);">bồn cầu Inax 2 khối</a></span></span>&nbsp;Với thiết kế tinh tế, sang trọng. Được người tiêu dùng Việt ưa chuộng và tin dùng bởi kiểu dáng vừa hiện đại vừa cổ điển, phù hợp với nhiều kiểu dáng và phong cách của của ngôi nhà.&nbsp;<span style="font-weight: 700 !important;">Bồn cầu inax c117va</span>&nbsp;Giá cả phải chăng, chất lượng men vượt trội dễ dàng để nước cuốn trôi vết bẩn. Không cần phải tốn nhiều thời gian và công sức để lau chùi vệ sinh bồn cầu mà vẫn sạch sẽ, an tâm sử dụng.</p><h3 style="text-rendering: optimizespeed; color: rgb(85, 85, 85); margin-bottom: 0.5em; width: 1050px; font-size: 1.25em; font-family: Roboto, sans-serif;"><span style="-webkit-box-decoration-break: clone; font-size: 18px;">Bản vẽ kỹ thuật dùng để lắp đặt cho Bồn cầu Inax 117 (C-117VA) Nắp Thường</span></h3><p style="margin-bottom: 1.3em; color: rgb(120, 120, 120); font-family: Roboto, sans-serif; font-size: 16px;">Các thông số kỹ thuật dùng để lắp đặt cho&nbsp;<span style="font-weight: 700 !important;">bồn cầu Inax 117</span>. Bạn nên tham khảo kích thước và hình dạng trước khi quyết định mua sản phẩm. Để có thể lựa chọn kiểu dáng và kích thước phù hợp với không gian và style của ngôi nhà bạn nhé.</p>', 0, 2035000, 1, 1, CAST(N'2023-03-07T04:54:26.927' AS DateTime), 1, CAST(N'2023-03-07T04:54:26.927' AS DateTime), 1)
INSERT [dbo].[Products] ([product_id], [cate_id], [brand_id], [code], [name], [url], [shortdescript], [description], [rating_star], [price], [out_of_stock], [status], [created_at], [created_by], [modified_at], [modified_by]) VALUES (8, 8, 1, N'070323PD8', N'Bàn Cầu TOTO 2 Khối Nắp Điện Tử', N'ban-cau-toto-2-khoi-nap-dien-tu-070323PD8', N'Kích thước	69.5 × 45.3 × 77 cm', N'<p style="margin-bottom: 1.3em; color: rgb(120, 120, 120); font-family: Roboto, sans-serif; font-size: 16px;"><span style="font-weight: 700 !important;">Bàn Cầu TOTO 2 Khối CS300DRW7 nắp điện tử</span>. Được đánh giá là một trong những sản phẩm sáng giá của ToTo. Với thiết kế phù hợp cho cả không gian hiện đại và cổ điển. Sản phẩm toát lên vẻ đẹp kiêu kỳ, sang trọng. Bàn cầu thông minh ToTo hứa hẹn sẽ mang đến cho bạn trải nghiệm tuyệt vời khi đặt chân vào toilet.&nbsp;</p><h3 style="text-rendering: optimizespeed; color: rgb(85, 85, 85); margin-bottom: 0.5em; width: 1050px; font-size: 1.25em; font-family: Roboto, sans-serif;"><span style="-webkit-box-decoration-break: clone;">Công nghệ và đặc điểm nổi bật của Bàn Cầu TOTO 2 Khối CS300DRW7</span></h3><ul style="list-style-position: initial; list-style-image: initial; padding: 0px; margin-bottom: 1.3em; color: rgb(120, 120, 120); font-family: Roboto, sans-serif; font-size: 16px;"><li style="margin-bottom: 0.6em; margin-left: 32px;">Nắp rửa điện tử Washlet&nbsp;TCF6631A&nbsp;(Sử dụng điện áp 220V) với nhiều chức năng rửa và sấy khô</li><li style="margin-bottom: 0.6em; margin-left: 32px;">Tự động phun sương lên lòng bàn cầu ngăn chất bẩn đảm bảo vệ sinh</li><li style="margin-bottom: 0.6em; margin-left: 32px;">Công nghệ CeFiONtect giúp lòng bàn cầu siêu nhẵn, hạn chế tối đa các vết bẩn, vi khuẩn</li><li style="margin-bottom: 0.6em; margin-left: 32px;">Công nghệ xả Siphon mạnh mẽ, đẩy trôi mọi vết bẩn hiệu quả, ngăn chặn mọi chất bẩn bám lên thành bồn cầu.</li></ul>', 0, 12492000, 1, 1, CAST(N'2023-03-07T04:58:31.407' AS DateTime), 1, CAST(N'2023-03-07T04:58:31.407' AS DateTime), 1)
INSERT [dbo].[Products] ([product_id], [cate_id], [brand_id], [code], [name], [url], [shortdescript], [description], [rating_star], [price], [out_of_stock], [status], [created_at], [created_by], [modified_at], [modified_by]) VALUES (9, 10, 1, N'230323PD1', N'Bồn cầu cao cấp Toto 1 khối ms636cdrw12 nắp điện tử', N'bon-cau-cao-cap-toto-1-khoi-ms636cdrw12-nap-ien-tu-230323PD1', N'Bàn Cầu TOTO 1 Khối MS636CDRW12 với thiết kế thân kín tinh tế, hiện đại dễ dàng sử dụng và vệ sinh. Mang đến đẳng cấp sang trọng cho phòng tắm nhà bạn. Với nắp rửa tự động, hiểu bạn đến từng cử chỉ. Bệt vệ sinh cao cấp thông minh ToTo hứa hẹn sẽ mang đến cho bạn trải nghiệm tuyệt vời khi đặt chân vào toilet.', N'<h3 style="text-rendering: optimizespeed; color: rgb(85, 85, 85); margin-bottom: 0.5em; width: 1050px; font-size: 1.25em; font-family: Roboto, sans-serif;">Công nghệ và đặc điểm nổi bật của Bàn Cầu TOTO 1 Khối MS636CDRW12</h3><ul style="list-style-position: initial; list-style-image: initial; padding: 0px; margin-bottom: 1.3em; color: rgb(120, 120, 120); font-family: Roboto, sans-serif; font-size: 16px;"><li style="margin-bottom: 0.6em; margin-left: 32px;">Công nghệ tự động: Với chế độ cảm biến nhiệt. Tự động đóng mở nắp bồn cầu một cách nhẹ nhàng thanh lịch. Mang đến trải nghiệm mượt mà và thoải mái. Với những ứng dụng công nghệ thông minh, biến ngôi nhà bạn trở nên tiện nghi và tinh tế.</li><li style="margin-bottom: 0.6em; margin-left: 32px;">Thiết kế sang trọng, hiện đại</li><li style="margin-bottom: 0.6em; margin-left: 32px;">Nắp rửa điện tử Washlet (220V) đóng/ mở tự động với nhiều chức năng rửa và sấy khô</li><li style="margin-bottom: 0.6em; margin-left: 32px;">Công nghệ Ewater+: tự động phun sương làm sạch lòng cầu và vòi rửa bằng cách ngăn vi khuẩn đảm bảo vệ sinh</li><li style="margin-bottom: 0.6em; margin-left: 32px;">Thiết kế bàn cầu thân kín, vành kín tiện dụng cho việc vệ sinh hàng ngày</li><li style="margin-bottom: 0.6em; margin-left: 32px;">Bề mặt nước rộng giúp ngăn mùi hiệu quả</li><li style="margin-bottom: 0.6em; margin-left: 32px;">Công nghệ CeFiONtect giúp lòng bàn cầu siêu nhẵn, hạn chế tối đa các vết bẩn, vi khuẩn</li><li style="margin-bottom: 0.6em; margin-left: 32px;">Hệ thống xả xoáy Tornado mạnh mẽ, dòng nước xoáy đều quanh mặt cầu đem lại hiệu quả tối ưuCác thông số kỹ thuật dùng để lắp đặt cho bồn cầu TOTO 1 Khối MS636CDRW12. Bạn nên tham khảo kích thước và hình dạng trước khi quyết định mua sản phẩm. Để có thể lựa chọn kiểu dáng và kích thước phù hợp với không gian và style của ngôi nhà bạn nhé.<h3 style="text-rendering: optimizespeed; color: rgb(85, 85, 85); margin-bottom: 0.5em; width: 1050px; font-size: 1.25em;">Thông tin chi tiết Bàn Cầu TOTO 1 Khối MS636CDRW12</h3><table style="border-color: rgb(236, 236, 236); border-spacing: 0px; margin-bottom: 1em; width: 1050px;"><tbody><tr><td style="border-bottom-width: 1px; border-bottom-color: rgb(236, 236, 236); font-size: 0.9em; line-height: 1.3; padding: 0.5em 0.5em 0.5em 0px; color: rgb(102, 102, 102);">Mã sản phẩm (Model Number)</td><td style="border-bottom-width: 1px; border-bottom-color: rgb(236, 236, 236); font-size: 0.9em; line-height: 1.3; padding: 0.5em 0px 0.5em 0.5em; color: rgb(102, 102, 102);">MS636CDRW12</td></tr><tr><td style="border-bottom-width: 1px; border-bottom-color: rgb(236, 236, 236); font-size: 0.9em; line-height: 1.3; padding: 0.5em 0.5em 0.5em 0px; color: rgb(102, 102, 102);">Công nghệ xả</td><td style="border-bottom-width: 1px; border-bottom-color: rgb(236, 236, 236); font-size: 0.9em; line-height: 1.3; padding: 0.5em 0px 0.5em 0.5em; color: rgb(102, 102, 102);">Công nghệ xả xoáy&nbsp;Tornado</td></tr><tr><td style="border-bottom-width: 1px; border-bottom-color: rgb(236, 236, 236); font-size: 0.9em; line-height: 1.3; padding: 0.5em 0.5em 0.5em 0px; color: rgb(102, 102, 102);">Lượng nước xả (Lít)</td><td style="border-bottom-width: 1px; border-bottom-color: rgb(236, 236, 236); font-size: 0.9em; line-height: 1.3; padding: 0.5em 0px 0.5em 0.5em; color: rgb(102, 102, 102);">Xả đại 4.8L/lần, xả tiểu 3L/lần</td></tr><tr><td style="border-bottom-width: 1px; border-bottom-color: rgb(236, 236, 236); font-size: 0.9em; line-height: 1.3; padding: 0.5em 0.5em 0.5em 0px; color: rgb(102, 102, 102);">Hệ thống xả</td><td style="border-bottom-width: 1px; border-bottom-color: rgb(236, 236, 236); font-size: 0.9em; line-height: 1.3; padding: 0.5em 0px 0.5em 0.5em; color: rgb(102, 102, 102);">Xả xoáy</td></tr><tr><td style="border-bottom-width: 1px; border-bottom-color: rgb(236, 236, 236); font-size: 0.9em; line-height: 1.3; padding: 0.5em 0.5em 0.5em 0px; color: rgb(102, 102, 102);">Tâm xả</td><td style="border-bottom-width: 1px; border-bottom-color: rgb(236, 236, 236); font-size: 0.9em; line-height: 1.3; padding: 0.5em 0px 0.5em 0.5em; color: rgb(102, 102, 102);">305mm</td></tr><tr><td style="border-bottom-width: 1px; border-bottom-color: rgb(236, 236, 236); font-size: 0.9em; line-height: 1.3; padding: 0.5em 0.5em 0.5em 0px; color: rgb(102, 102, 102);">Kiểu xả</td><td style="border-bottom-width: 1px; border-bottom-color: rgb(236, 236, 236); font-size: 0.9em; line-height: 1.3; padding: 0.5em 0px 0.5em 0.5em; color: rgb(102, 102, 102);">Xả nhấn 2 nút, tiết kiệm nước</td></tr><tr><td style="border-bottom-width: 1px; border-bottom-color: rgb(236, 236, 236); font-size: 0.9em; line-height: 1.3; padding: 0.5em 0.5em 0.5em 0px; color: rgb(102, 102, 102);">Kích thước (mm)</td><td style="border-bottom-width: 1px; border-bottom-color: rgb(236, 236, 236); font-size: 0.9em; line-height: 1.3; padding: 0.5em 0px 0.5em 0.5em; color: rgb(102, 102, 102);">Dài x Cao x Rộng (740 x 490 x 670)</td></tr><tr><td style="border-bottom-width: 1px; border-bottom-color: rgb(236, 236, 236); font-size: 0.9em; line-height: 1.3; padding: 0.5em 0.5em 0.5em 0px; color: rgb(102, 102, 102);">Xuất xứ</td><td style="border-bottom-width: 1px; border-bottom-color: rgb(236, 236, 236); font-size: 0.9em; line-height: 1.3; padding: 0.5em 0px 0.5em 0.5em; color: rgb(102, 102, 102);">Nhập khẩu và lắp ráp tại Việt Nam</td></tr><tr><td style="border-bottom-width: 1px; border-bottom-color: rgb(236, 236, 236); font-size: 0.9em; line-height: 1.3; padding: 0.5em 0.5em 0.5em 0px; color: rgb(102, 102, 102);">Nắp Rửa</td><td style="border-bottom-width: 1px; border-bottom-color: rgb(236, 236, 236); font-size: 0.9em; line-height: 1.3; padding: 0.5em 0px 0.5em 0.5em; color: rgb(102, 102, 102);">Nắp rửa điện tử NEW WASHLET đa chức năng TCF4911EZ (220V) (loại giấu dây)</td></tr></tbody></table><p style="margin-bottom: 1.3em;">Bao gồm bích nối sàn, van dừng</p></li></ul>', 0, 43529000, 1, 1, CAST(N'2023-03-23T04:45:24.030' AS DateTime), 1, CAST(N'2023-03-23T04:45:24.030' AS DateTime), 1)
INSERT [dbo].[Products] ([product_id], [cate_id], [brand_id], [code], [name], [url], [shortdescript], [description], [rating_star], [price], [out_of_stock], [status], [created_at], [created_by], [modified_at], [modified_by]) VALUES (10, 10, 1, N'230323PD2', N'Bàn Cầu TOTO 2 Khối CS300DRW6 Nắp Điện Tử', N'ban-cau-toto-2-khoi-cs300drw6-nap-ien-tu-230323PD2', N'Bàn Cầu TOTO 2 Khối CS300DRW6 nắp điện tử. Sản phẩm mang công nghệ mới nhất và hiện đại nhất của ToTo. Với thiết kế phù hợp cho cả không gian hiện đại và cổ điển. Sản phẩm toát lên vẻ đẹp kiêu kỳ, sang trọng. Bàn cầu thông minh ToTo hứa hẹn sẽ mang đến cho bạn trải nghiệm thiên đường khi đặt chân vào phòng vệ sinh.', N'<h3 style="text-rendering: optimizespeed; color: rgb(85, 85, 85); margin-bottom: 0.5em; width: 1050px; font-size: 1.25em; font-family: Roboto, sans-serif;"><span style="-webkit-box-decoration-break: clone;">Công nghệ và đặc điểm nổi bật của Bàn Cầu TOTO 2 Khối CS300DRW6</span></h3><ul style="list-style-position: initial; list-style-image: initial; padding: 0px; margin-bottom: 1.3em; color: rgb(120, 120, 120); font-family: Roboto, sans-serif; font-size: 16px;"><li style="margin-bottom: 0.6em; margin-left: 32px;">Thiết kế bàn cầu sang trọng, hiện đại</li><li style="margin-bottom: 0.6em; margin-left: 32px;">Nắp rửa điện tử Washlet&nbsp;TCF6531Z&nbsp;(Sử dụng điện áp 220V) với nhiều chức năng rửa và sấy khô</li><li style="margin-bottom: 0.6em; margin-left: 32px;">Công nghệ CeFiONtect giúp lòng bàn cầu siêu nhẵn, hạn chế tối đa các vết bẩn, vi khuẩn</li><li style="margin-bottom: 0.6em; margin-left: 32px;">Công nghệ xả Siphon mạnh mẽ, đẩy trôi mọi vết bẩn hiệu quả, ngăn chặn mọi chất bẩn bám lên thành bồn cầu.</li></ul><h3 style="text-rendering: optimizespeed; color: rgb(85, 85, 85); margin-bottom: 0.5em; width: 1050px; font-size: 1.25em; font-family: Roboto, sans-serif;"><span style="-webkit-box-decoration-break: clone;">Bản vẽ kỹ thuật dùng để lắp đặt cho&nbsp;</span><span style="-webkit-box-decoration-break: clone;">Bàn cầu TOTO 2 Khối&nbsp;</span><span style="-webkit-box-decoration-break: clone;">CS300DRW6</span></h3><figure id="attachment_12722" aria-describedby="caption-attachment-12722" class="wp-caption aligncenter" style="margin-right: auto; margin-bottom: 2em; margin-left: auto; clear: both; max-width: 100%; color: rgb(120, 120, 120); font-family: Roboto, sans-serif; font-size: 16px; width: 500px;"><img decoding="async" class="size-full wp-image-12722 lazy-load-active" src="https://noithatrakhoi.com/wp-content/uploads/2019/09/ban-ve-ky-thuat-bon-cau-toto-2-khoi-cs300drw6-nap-dien-tu.jpg" data-src="https://noithatrakhoi.com/wp-content/uploads/2019/09/ban-ve-ky-thuat-bon-cau-toto-2-khoi-cs300drw6-nap-dien-tu.jpg" alt="Bản vẽ kỹ thuật Bàn Cầu TOTO 2 Khối CS300DRW6 Nắp Điện Tử" width="500" height="450" srcset="https://noithatrakhoi.com/wp-content/uploads/2019/09/ban-ve-ky-thuat-bon-cau-toto-2-khoi-cs300drw6-nap-dien-tu.jpg 500w, https://noithatrakhoi.com/wp-content/uploads/2019/09/ban-ve-ky-thuat-bon-cau-toto-2-khoi-cs300drw6-nap-dien-tu-450x405.jpg 450w" data-srcset="https://noithatrakhoi.com/wp-content/uploads/2019/09/ban-ve-ky-thuat-bon-cau-toto-2-khoi-cs300drw6-nap-dien-tu.jpg 500w, https://noithatrakhoi.com/wp-content/uploads/2019/09/ban-ve-ky-thuat-bon-cau-toto-2-khoi-cs300drw6-nap-dien-tu-450x405.jpg 450w" sizes="(max-width: 500px) 100vw, 500px" style="height: auto; max-width: 100%; display: inline-block; opacity: 1; transition: opacity 1s ease 0s;"><figcaption id="caption-attachment-12722" class="wp-caption-text" style="text-align: center; background: rgba(0, 0, 0, 0.05); font-size: 0.9em; font-style: italic; padding: 0.4em;"><em>Bản vẽ kỹ thuật Bàn Cầu TOTO 2 Khối CS300DRW6 Nắp Điện Tử</em></figcaption></figure><p style="margin-bottom: 1.3em; color: rgb(120, 120, 120); font-family: Roboto, sans-serif; font-size: 16px;">Bạn có thể tham khảo các thông số kỹ thuật dùng để lắp đặt cho&nbsp;<span style="font-weight: 700 !important;">bồn cầu TOTO 2 Khối CS300DRW6</span>. Thông số kỹ thuật cũng như là về kích thước của sản phẩm thì bạn nên tham khảo trước khi mua sản phẩm nhé. Để đảm bảo được rằng sản phẩm phù hợp với không gian của ngôi nhà nói chung cũng như nhà vệ sinh nói riêng nhé.</p>', 0, 19826000, 1, 1, CAST(N'2023-03-23T04:49:06.643' AS DateTime), 1, CAST(N'2023-03-23T04:49:06.643' AS DateTime), 1)
INSERT [dbo].[Products] ([product_id], [cate_id], [brand_id], [code], [name], [url], [shortdescript], [description], [rating_star], [price], [out_of_stock], [status], [created_at], [created_by], [modified_at], [modified_by]) VALUES (11, 10, 1, N'230323PD3', N'Bàn Cầu TOTO 2 Khối CS300DRW7 Nắp Điện Tử', N'ban-cau-toto-2-khoi-cs300drw7-nap-ien-tu-230323PD3', N'Bàn Cầu TOTO 2 Khối CS300DRW7 nắp điện tử. Được đánh giá là một trong những sản phẩm sáng giá của ToTo. Với thiết kế phù hợp cho cả không gian hiện đại và cổ điển. Sản phẩm toát lên vẻ đẹp kiêu kỳ, sang trọng. Bàn cầu thông minh ToTo hứa hẹn sẽ mang đến cho bạn trải nghiệm tuyệt vời khi đặt chân vào toilet. ', N'<h3 style="text-rendering: optimizespeed; color: rgb(85, 85, 85); margin-bottom: 0.5em; width: 1050px; font-size: 1.25em; font-family: Roboto, sans-serif;"><span style="-webkit-box-decoration-break: clone;">Công nghệ và đặc điểm nổi bật của Bàn Cầu TOTO 2 Khối CS300DRW7</span></h3><ul style="list-style-position: initial; list-style-image: initial; padding: 0px; margin-bottom: 1.3em; color: rgb(120, 120, 120); font-family: Roboto, sans-serif; font-size: 16px;"><li style="margin-bottom: 0.6em; margin-left: 32px;">Nắp rửa điện tử Washlet&nbsp;TCF6631A&nbsp;(Sử dụng điện áp 220V) với nhiều chức năng rửa và sấy khô</li><li style="margin-bottom: 0.6em; margin-left: 32px;">Tự động phun sương lên lòng bàn cầu ngăn chất bẩn đảm bảo vệ sinh</li><li style="margin-bottom: 0.6em; margin-left: 32px;">Công nghệ CeFiONtect giúp lòng bàn cầu siêu nhẵn, hạn chế tối đa các vết bẩn, vi khuẩn</li><li style="margin-bottom: 0.6em; margin-left: 32px;">Công nghệ xả Siphon mạnh mẽ, đẩy trôi mọi vết bẩn hiệu quả, ngăn chặn mọi chất bẩn bám lên thành bồn cầu.</li></ul>', 0, 12492000, 1, 1, CAST(N'2023-03-23T04:51:33.660' AS DateTime), 1, CAST(N'2023-03-23T04:51:33.660' AS DateTime), 1)
INSERT [dbo].[Products] ([product_id], [cate_id], [brand_id], [code], [name], [url], [shortdescript], [description], [rating_star], [price], [out_of_stock], [status], [created_at], [created_by], [modified_at], [modified_by]) VALUES (12, 10, 1, N'230323PD4', N'Bàn Cầu TOTO 1 Khối MS887CW12 (MS887CRW12) Nắp Điện Tử', N'ban-cau-toto-1-khoi-ms887cw12-ms887crw12-nap-ien-tu-230323PD4', N'Bàn cầu TOTO 1 Khối MS887CW12 được đánh giá là sản phẩm hiện đại với đường nét thiết kế tinh tế ở từng chi tiết như màu sắc, độ bóng của sản phẩm. Sản phẩm đảm bảo độ bền cao với nhiều tính năng vô cùng tiện lợi mang tới cảm giác thoải mái nhất cho người sử dụng. Bàn cầu TOTO mang đến trải nghiệm tiện nghi, thoải mái để cơ thể  thư giãn và tái tạo năng lượng mỗi ngày mới. Biến phòng tắm của ngôi nhà bạn là một nơi lý tưởng sang trọng và tiện nghi.', N'<h3 style="text-rendering: optimizespeed; color: rgb(85, 85, 85); margin-bottom: 0.5em; width: 1050px; font-size: 1.25em; font-family: Roboto, sans-serif;"><span style="-webkit-box-decoration-break: clone;">Công nghệ và đặc điểm nổi bật của Bàn Cầu TOTO 1 Khối MS887CW12</span></h3><ul style="list-style-position: initial; list-style-image: initial; padding: 0px; margin-bottom: 1.3em; color: rgb(120, 120, 120); font-family: Roboto, sans-serif; font-size: 16px;"><li style="margin-bottom: 0.6em; margin-left: 32px;">Thiết kế với thân kín, vành kín dành cho bàn cầu thân dài (loại dấu dây).</li><li style="margin-bottom: 0.6em; margin-left: 32px;">Hệ thống xả TORNADO: Đổi mới phương pháp xả thông thường. Hệ thống xả xoáy của ToTo vượt trội với sức nước phun ra và xoáy theo bề mặt trong lòng bàn cầu. Tạo ra dòng nước phun trào mạnh mẽ cuốn trôi chất thải chỉ với một lần xả duy nhất rất tiết kiệm nước.</li><li style="margin-bottom: 0.6em; margin-left: 32px;">Công nghệ CEFIONTECT:&nbsp; Ứng dụng lớp tráng men lên bề mặt bàn cầu giúp bề mặt luôn sáng bóng cùng với việc ngăn ngừa vi khuẩn bám trên bề mặt. Dễ dàng cuốn trôi mọi vết bẩn, bảo vệ bàn cầu như lúc mới sử dụng. Bàn cầu luôn sạch sẽ, an toàn, không bám bẩn giúp bảo vệ gia đình một cách tốt nhất</li><li style="margin-bottom: 0.6em; margin-left: 32px;">Tích hợp nắp rửa điện tử&nbsp;Washlet TCF4911EZ (220V) với tính năng thông minh đa chức năng:&nbsp;nắp đóng/mở tự động khi mắt cảm ứng được kích hoạt, phun Ewater+ để khử trùng vành trong bàn cầu giúp ngăn chặn vi khuẩn, rửa bằng nước ấm và rửa massage đa chức năng, sấy khô kháng khuẩn một cách nhanh chóng, sưởi ấm nắp ngồi tự nhiên, bảng điều khiển từ xa (không dây) với 2 chế độ người dùng.</li></ul>', 0, 35922000, 1, 1, CAST(N'2023-03-23T04:52:24.803' AS DateTime), 1, CAST(N'2023-03-23T04:52:24.803' AS DateTime), 1)
INSERT [dbo].[Products] ([product_id], [cate_id], [brand_id], [code], [name], [url], [shortdescript], [description], [rating_star], [price], [out_of_stock], [status], [created_at], [created_by], [modified_at], [modified_by]) VALUES (13, 9, 6, N'230323PD5', N'Bồn Cầu Đặt Sàn American Standard 3229B-WT', N'bon-cau-at-san-american-standard-3229bwt-230323PD5', N'Bồn Cầu Đặt Sàn American Standard 3229B-WT', N'<h1 class="product-title product_title entry-title" style="text-rendering: optimizespeed; color: rgb(85, 85, 85); margin-bottom: 0.5em; width: 510px; font-size: 1.7em; line-height: 1.3; font-family: Roboto, sans-serif;"><b>Bồn Cầu Đặt Sàn American Standard 3229B-WT</b></h1>', 0, 6190000, 1, 1, CAST(N'2023-03-23T04:54:06.987' AS DateTime), 1, CAST(N'2023-03-23T04:54:06.987' AS DateTime), 1)
INSERT [dbo].[Products] ([product_id], [cate_id], [brand_id], [code], [name], [url], [shortdescript], [description], [rating_star], [price], [out_of_stock], [status], [created_at], [created_by], [modified_at], [modified_by]) VALUES (14, 10, 6, N'230323PD6', N'Bồn Cầu Treo Tường American Standard VF-3119B', N'bon-cau-treo-tuong-american-standard-vf3119b-230323PD6', N'Bồn Cầu Treo Tường American Standard VF-3119B', N'<h1 class="product-title product_title entry-title" style="text-rendering: optimizespeed; color: rgb(85, 85, 85); margin-bottom: 0.5em; width: 510px; font-size: 1.7em; line-height: 1.3; font-family: Roboto, sans-serif;">Bồn Cầu Treo Tường American Standard VF-3119B</h1>', 0, 3425000, 1, 1, CAST(N'2023-03-23T04:54:40.277' AS DateTime), 1, CAST(N'2023-03-23T04:54:40.277' AS DateTime), 1)
INSERT [dbo].[Products] ([product_id], [cate_id], [brand_id], [code], [name], [url], [shortdescript], [description], [rating_star], [price], [out_of_stock], [status], [created_at], [created_by], [modified_at], [modified_by]) VALUES (15, 11, 1, N'230323PD7', N'Bồn tắm nằm TOTO PJY1734PWE#MW', N'bon-tam-nam-toto-pjy1734pwemw-230323PD7', N'Bồn tắm nằm TOTO PJY1734PWE#MW', N'<h1 class="product-title product_title entry-title" style="text-rendering: optimizespeed; color: rgb(85, 85, 85); margin-bottom: 0.5em; width: 510px; font-size: 1.7em; line-height: 1.3; font-family: Roboto, sans-serif;">Bồn tắm nằm TOTO PJY1734PWE#MW</h1>', 0, 122000000, 1, 1, CAST(N'2023-03-23T04:56:19.480' AS DateTime), 1, CAST(N'2023-03-23T04:56:19.480' AS DateTime), 1)
INSERT [dbo].[Products] ([product_id], [cate_id], [brand_id], [code], [name], [url], [shortdescript], [description], [rating_star], [price], [out_of_stock], [status], [created_at], [created_by], [modified_at], [modified_by]) VALUES (16, 11, 1, N'230323PD8', N'Bồn tắm nhựa TOTO PAY1735HVC/TVBF411', N'bon-tam-nhua-toto-pay1735hvctvbf411-230323PD8', N'Bồn tắm nhựa TOTO PAY1735HVC/TVBF411', N'<h1 class="product-title product_title entry-title" style="text-rendering: optimizespeed; color: rgb(85, 85, 85); margin-bottom: 0.5em; width: 510px; font-size: 1.7em; line-height: 1.3; font-family: Roboto, sans-serif;">Bồn tắm nhựa TOTO PAY1735HVC/TVBF411</h1>', 0, 16000000, 1, 1, CAST(N'2023-03-23T04:57:10.307' AS DateTime), 1, CAST(N'2023-03-23T04:57:10.307' AS DateTime), 1)
INSERT [dbo].[Products] ([product_id], [cate_id], [brand_id], [code], [name], [url], [shortdescript], [description], [rating_star], [price], [out_of_stock], [status], [created_at], [created_by], [modified_at], [modified_by]) VALUES (17, 11, 1, N'230323PD9', N'Bồn tắm nhựa TOTO PAY1725VC/TVBF411', N'bon-tam-nhua-toto-pay1725vctvbf411-230323PD9', N'Bồn tắm nhựa TOTO PAY1725VC/TVBF411', N'<h1 class="product-title product_title entry-title" style="text-rendering: optimizespeed; color: rgb(85, 85, 85); margin-bottom: 0.5em; width: 510px; font-size: 1.7em; line-height: 1.3; font-family: Roboto, sans-serif;">Bồn tắm nhựa TOTO PAY1725VC/TVBF411</h1>', 0, 15000000, 1, 1, CAST(N'2023-03-23T04:57:36.537' AS DateTime), 1, CAST(N'2023-03-23T04:57:36.537' AS DateTime), 1)
INSERT [dbo].[Products] ([product_id], [cate_id], [brand_id], [code], [name], [url], [shortdescript], [description], [rating_star], [price], [out_of_stock], [status], [created_at], [created_by], [modified_at], [modified_by]) VALUES (18, 8, 1, N'230323PD10', N'Bồn tắm nhựa TOTO PAY1715HVC/TVBF411', N'bon-tam-nhua-toto-pay1715hvctvbf411-230323PD10', N'Bồn tắm nhựa TOTO PAY1715HVC/TVBF411', N'<h1 class="product-title product_title entry-title" style="text-rendering: optimizespeed; color: rgb(85, 85, 85); margin-bottom: 0.5em; width: 510px; font-size: 1.7em; line-height: 1.3; font-family: Roboto, sans-serif;">Bồn tắm nhựa TOTO PAY1715HVC/TVBF411</h1>', 0, 16500000, 1, 1, CAST(N'2023-03-23T04:58:32.003' AS DateTime), 1, CAST(N'2023-03-23T04:58:32.003' AS DateTime), 1)
INSERT [dbo].[Products] ([product_id], [cate_id], [brand_id], [code], [name], [url], [shortdescript], [description], [rating_star], [price], [out_of_stock], [status], [created_at], [created_by], [modified_at], [modified_by]) VALUES (19, 8, 1, N'230323PD11', N'Bồn tắm nhựa TOTO PAY1715HVC/TVBF411', N'bon-tam-nhua-toto-pay1715hvctvbf411-230323PD11', N'Bồn tắm nhựa TOTO PAY1715HVC/TVBF411', N'<h1 class="product-title product_title entry-title" style="text-rendering: optimizespeed; color: rgb(85, 85, 85); margin-bottom: 0.5em; width: 510px; font-size: 1.7em; line-height: 1.3; font-family: Roboto, sans-serif;">Bồn tắm nhựa TOTO PAY1715HVC/TVBF411</h1>', 0, 16500000, 1, 1, CAST(N'2023-03-23T04:58:45.397' AS DateTime), 1, CAST(N'2023-03-23T04:58:45.397' AS DateTime), 1)
INSERT [dbo].[Products] ([product_id], [cate_id], [brand_id], [code], [name], [url], [shortdescript], [description], [rating_star], [price], [out_of_stock], [status], [created_at], [created_by], [modified_at], [modified_by]) VALUES (20, 8, 1, N'230323PD12', N'Bồn tắm nhựa TOTO PAY1715HVC/TVBF411', N'bon-tam-nhua-toto-pay1715hvctvbf411-230323PD12', N'Bồn tắm nhựa TOTO PAY1715HVC/TVBF411', N'<h1 class="product-title product_title entry-title" style="text-rendering: optimizespeed; color: rgb(85, 85, 85); margin-bottom: 0.5em; width: 510px; font-size: 1.7em; line-height: 1.3; font-family: Roboto, sans-serif;">Bồn tắm nhựa TOTO PAY1715HVC/TVBF411</h1>', 0, 16500000, 1, 1, CAST(N'2023-03-23T04:59:08.477' AS DateTime), 1, CAST(N'2023-03-23T04:59:08.477' AS DateTime), 1)
INSERT [dbo].[Products] ([product_id], [cate_id], [brand_id], [code], [name], [url], [shortdescript], [description], [rating_star], [price], [out_of_stock], [status], [created_at], [created_by], [modified_at], [modified_by]) VALUES (21, 12, 2, N'010423PD1', N'Trịnh Công Minh', N'trinh-cong-minh-010423PD1', N'Hi', N'<h1><font style="background-color: rgb(255, 255, 255);" color="#0000ff">Bạn minh depzai vcl</font></h1>', 0, 24000000, 1, 1, CAST(N'2023-04-01T10:14:11.217' AS DateTime), 3, CAST(N'2023-04-01T10:14:11.217' AS DateTime), 3)
SET IDENTITY_INSERT [dbo].[Products] OFF
GO
SET IDENTITY_INSERT [dbo].[Products_ProductTags] ON 

INSERT [dbo].[Products_ProductTags] ([ID], [product_id], [tag_id]) VALUES (1, 9, 1)
INSERT [dbo].[Products_ProductTags] ([ID], [product_id], [tag_id]) VALUES (2, 9, 10)
INSERT [dbo].[Products_ProductTags] ([ID], [product_id], [tag_id]) VALUES (3, 10, 10)
INSERT [dbo].[Products_ProductTags] ([ID], [product_id], [tag_id]) VALUES (4, 11, 2)
INSERT [dbo].[Products_ProductTags] ([ID], [product_id], [tag_id]) VALUES (5, 11, 4)
INSERT [dbo].[Products_ProductTags] ([ID], [product_id], [tag_id]) VALUES (6, 11, 10)
INSERT [dbo].[Products_ProductTags] ([ID], [product_id], [tag_id]) VALUES (7, 12, 4)
INSERT [dbo].[Products_ProductTags] ([ID], [product_id], [tag_id]) VALUES (8, 13, 2)
INSERT [dbo].[Products_ProductTags] ([ID], [product_id], [tag_id]) VALUES (9, 13, 4)
INSERT [dbo].[Products_ProductTags] ([ID], [product_id], [tag_id]) VALUES (10, 14, 4)
INSERT [dbo].[Products_ProductTags] ([ID], [product_id], [tag_id]) VALUES (11, 15, 11)
INSERT [dbo].[Products_ProductTags] ([ID], [product_id], [tag_id]) VALUES (12, 16, 12)
INSERT [dbo].[Products_ProductTags] ([ID], [product_id], [tag_id]) VALUES (13, 20, 11)
INSERT [dbo].[Products_ProductTags] ([ID], [product_id], [tag_id]) VALUES (14, 21, 13)
SET IDENTITY_INSERT [dbo].[Products_ProductTags] OFF
GO
SET IDENTITY_INSERT [dbo].[ProductTags] ON 

INSERT [dbo].[ProductTags] ([tag_id], [code], [tag], [status], [created_at], [created_by], [modified_at], [modified_by]) VALUES (1, N'010121TA1', N'Chậu rửa', 1, CAST(N'2021-01-01T00:00:00.000' AS DateTime), 1, CAST(N'2021-01-01T00:00:00.000' AS DateTime), 1)
INSERT [dbo].[ProductTags] ([tag_id], [code], [tag], [status], [created_at], [created_by], [modified_at], [modified_by]) VALUES (2, N'010121TA2', N'Bồn cầu', 1, CAST(N'2021-01-01T00:00:00.000' AS DateTime), 1, CAST(N'2022-05-05T00:00:00.000' AS DateTime), 1)
INSERT [dbo].[ProductTags] ([tag_id], [code], [tag], [status], [created_at], [created_by], [modified_at], [modified_by]) VALUES (3, N'010121TA3', N'Vòi sen', 1, CAST(N'2021-01-14T00:00:00.000' AS DateTime), 1, CAST(N'2022-08-11T00:00:00.000' AS DateTime), 1)
INSERT [dbo].[ProductTags] ([tag_id], [code], [tag], [status], [created_at], [created_by], [modified_at], [modified_by]) VALUES (4, N'010121TA4', N'Thiết bị vệ sinh', 1, CAST(N'2021-01-01T00:00:00.000' AS DateTime), 1, CAST(N'2022-05-14T00:00:00.000' AS DateTime), 1)
INSERT [dbo].[ProductTags] ([tag_id], [code], [tag], [status], [created_at], [created_by], [modified_at], [modified_by]) VALUES (5, N'010121TA5', N'Lavabo', 1, CAST(N'2021-01-01T00:00:00.000' AS DateTime), 1, CAST(N'2022-02-09T00:00:00.000' AS DateTime), 1)
INSERT [dbo].[ProductTags] ([tag_id], [code], [tag], [status], [created_at], [created_by], [modified_at], [modified_by]) VALUES (6, N'010121TA6', N'Sản phẩm cao cấp', 1, CAST(N'2021-01-01T00:00:00.000' AS DateTime), 1, CAST(N'2022-04-05T00:00:00.000' AS DateTime), 1)
INSERT [dbo].[ProductTags] ([tag_id], [code], [tag], [status], [created_at], [created_by], [modified_at], [modified_by]) VALUES (7, N'010121TA7', N'Đạt chuẩn quốc tế', 1, CAST(N'2021-01-01T00:00:00.000' AS DateTime), 1, CAST(N'2022-09-20T00:00:00.000' AS DateTime), 1)
INSERT [dbo].[ProductTags] ([tag_id], [code], [tag], [status], [created_at], [created_by], [modified_at], [modified_by]) VALUES (8, N'010121TA8', N'Niêm yết', 1, CAST(N'2021-01-01T00:00:00.000' AS DateTime), 1, CAST(N'2022-01-05T00:00:00.000' AS DateTime), 1)
INSERT [dbo].[ProductTags] ([tag_id], [code], [tag], [status], [created_at], [created_by], [modified_at], [modified_by]) VALUES (9, N'070323TA1', N'Yêu thích', 1, CAST(N'2021-03-07T00:00:00.000' AS DateTime), 1, CAST(N'2021-03-07T00:00:00.000' AS DateTime), 1)
INSERT [dbo].[ProductTags] ([tag_id], [code], [tag], [status], [created_at], [created_by], [modified_at], [modified_by]) VALUES (10, N'230323TA1', N'thông minh', 1, CAST(N'2023-03-23T04:45:24.153' AS DateTime), 1, CAST(N'2023-03-23T04:45:24.153' AS DateTime), 1)
INSERT [dbo].[ProductTags] ([tag_id], [code], [tag], [status], [created_at], [created_by], [modified_at], [modified_by]) VALUES (11, N'230323TA2', N'Bồn tắm', 1, CAST(N'2023-03-23T04:56:19.567' AS DateTime), 1, CAST(N'2023-03-23T04:56:19.567' AS DateTime), 1)
INSERT [dbo].[ProductTags] ([tag_id], [code], [tag], [status], [created_at], [created_by], [modified_at], [modified_by]) VALUES (12, N'230323TA3', N'Bồn tắm nhựa', 1, CAST(N'2023-03-23T04:57:10.387' AS DateTime), 1, CAST(N'2023-03-23T04:57:10.387' AS DateTime), 1)
INSERT [dbo].[ProductTags] ([tag_id], [code], [tag], [status], [created_at], [created_by], [modified_at], [modified_by]) VALUES (13, N'010423TA1', N'Đẹp trai', 1, CAST(N'2023-04-01T10:14:11.327' AS DateTime), 3, CAST(N'2023-04-01T10:14:11.327' AS DateTime), 3)
SET IDENTITY_INSERT [dbo].[ProductTags] OFF
GO
SET IDENTITY_INSERT [dbo].[Users] ON 

INSERT [dbo].[Users] ([user_id], [code], [fullname], [dob], [gender], [address], [email], [password], [id_card], [avatar], [role], [status], [created_at], [created_by], [modified_at], [modified_by]) VALUES (1, N'ADMIN1', N'Lê Đình Tuân', CAST(N'2002-05-11' AS Date), 1, N'Hà Nội', N'1105tuan@gmail.com', N'A9D7348ED6AB6D079BA239F6E997BE3C', N'001202033950', N'', 1, 1, CAST(N'2023-01-01T20:10:19.000' AS DateTime), NULL, CAST(N'2023-01-01T20:10:19.000' AS DateTime), NULL)
INSERT [dbo].[Users] ([user_id], [code], [fullname], [dob], [gender], [address], [email], [password], [id_card], [avatar], [role], [status], [created_at], [created_by], [modified_at], [modified_by]) VALUES (2, N'STAFF1', N'Trịnh Nam Anh', CAST(N'2002-12-17' AS Date), 1, N'Sơn La', N'anhnamtrinh@gmail.com', N'A9D7348ED6AB6D079BA239F6E997BE3C', N'002202033950', N'', 2, 1, CAST(N'2023-01-01T20:10:19.000' AS DateTime), 1, CAST(N'2023-01-01T20:10:19.000' AS DateTime), 1)
INSERT [dbo].[Users] ([user_id], [code], [fullname], [dob], [gender], [address], [email], [password], [id_card], [avatar], [role], [status], [created_at], [created_by], [modified_at], [modified_by]) VALUES (3, N'STAFF2', N'Trịnh Công Minh', CAST(N'2002-07-29' AS Date), 1, N'Sơn La', N'minhtche164004@fpt.edu.vn', N'A9D7348ED6AB6D079BA239F6E997BE3C', N'002202033950', N'', 2, 1, CAST(N'2023-01-01T20:10:19.000' AS DateTime), 1, CAST(N'2023-01-01T20:10:19.000' AS DateTime), 1)
INSERT [dbo].[Users] ([user_id], [code], [fullname], [dob], [gender], [address], [email], [password], [id_card], [avatar], [role], [status], [created_at], [created_by], [modified_at], [modified_by]) VALUES (4, N'STAFF3', N'Vũ Thị Thanh Thảo', CAST(N'2002-04-11' AS Date), 0, N'Hà Nội', N'thaothanhthivu@gmail.com', N'A9D7348ED6AB6D079BA239F6E997BE3C', N'002202033950', N'', 2, 1, CAST(N'2023-01-01T20:10:19.000' AS DateTime), 1, CAST(N'2023-01-01T20:10:19.000' AS DateTime), 1)
INSERT [dbo].[Users] ([user_id], [code], [fullname], [dob], [gender], [address], [email], [password], [id_card], [avatar], [role], [status], [created_at], [created_by], [modified_at], [modified_by]) VALUES (5, N'STAFF4', N'Nguyễn Hải Dương', CAST(N'2002-09-11' AS Date), 1, N'Bắc Ninh', N'duonghainguyen@gmail.com', N'A9D7348ED6AB6D079BA239F6E997BE3C', N'002202033950', N'', 2, 1, CAST(N'2023-01-01T20:10:19.000' AS DateTime), 1, CAST(N'2023-01-01T20:10:19.000' AS DateTime), 1)
INSERT [dbo].[Users] ([user_id], [code], [fullname], [dob], [gender], [address], [email], [password], [id_card], [avatar], [role], [status], [created_at], [created_by], [modified_at], [modified_by]) VALUES (6, N'ADMIN2', N'admin', CAST(N'2002-09-11' AS Date), 1, N'Sơn La', N'admin', N'F5866C4A4D6014ECCED47960C2E3D07F', N'002202033950', N'', 1, 1, CAST(N'2023-01-01T20:10:19.000' AS DateTime), 1, CAST(N'2023-01-01T20:10:19.000' AS DateTime), 1)
SET IDENTITY_INSERT [dbo].[Users] OFF
GO
ALTER TABLE [dbo].[Brands] ADD  CONSTRAINT [DF_Brands_status]  DEFAULT ((1)) FOR [status]
GO
ALTER TABLE [dbo].[Categories] ADD  CONSTRAINT [DF_Categories_status]  DEFAULT ((1)) FOR [status]
GO
ALTER TABLE [dbo].[Comments] ADD  CONSTRAINT [DF_Comments_status]  DEFAULT ((1)) FOR [status]
GO
ALTER TABLE [dbo].[ContactUs] ADD  DEFAULT ((0)) FOR [status]
GO
ALTER TABLE [dbo].[Customers] ADD  CONSTRAINT [DF_Customers_status]  DEFAULT ((1)) FOR [status]
GO
ALTER TABLE [dbo].[News] ADD  CONSTRAINT [DF_News_status]  DEFAULT ((1)) FOR [status]
GO
ALTER TABLE [dbo].[NewsGroups] ADD  CONSTRAINT [DF_NewsGroups_status]  DEFAULT ((1)) FOR [status]
GO
ALTER TABLE [dbo].[NewsImages] ADD  CONSTRAINT [DF_NewsImages_status]  DEFAULT ((1)) FOR [status]
GO
ALTER TABLE [dbo].[OrderDetails] ADD  CONSTRAINT [DF_OrderDetails_status]  DEFAULT ((1)) FOR [status]
GO
ALTER TABLE [dbo].[Orders] ADD  CONSTRAINT [DF_Orders_state]  DEFAULT ((0)) FOR [state]
GO
ALTER TABLE [dbo].[Orders] ADD  CONSTRAINT [DF_Orders_status]  DEFAULT ((1)) FOR [status]
GO
ALTER TABLE [dbo].[ProductImages] ADD  CONSTRAINT [DF_ProductImages_status]  DEFAULT ((1)) FOR [status]
GO
ALTER TABLE [dbo].[Products] ADD  CONSTRAINT [DF_Products_out_of_stock]  DEFAULT ((1)) FOR [out_of_stock]
GO
ALTER TABLE [dbo].[Products] ADD  CONSTRAINT [DF_Products_status]  DEFAULT ((1)) FOR [status]
GO
ALTER TABLE [dbo].[ProductTags] ADD  CONSTRAINT [DF_ProductTags_status]  DEFAULT ((1)) FOR [status]
GO
ALTER TABLE [dbo].[RepContactUs] ADD  DEFAULT ((0)) FOR [status]
GO
ALTER TABLE [dbo].[Users] ADD  CONSTRAINT [DF_Users_status]  DEFAULT ((1)) FOR [status]
GO
EXEC sys.sp_addextendedproperty @name=N'MS_Description', @value=N'1 is active 0 is deactive' , @level0type=N'SCHEMA',@level0name=N'dbo', @level1type=N'TABLE',@level1name=N'Brands', @level2type=N'COLUMN',@level2name=N'status'
GO
EXEC sys.sp_addextendedproperty @name=N'MS_Description', @value=N'1 is active, 0 is deactive' , @level0type=N'SCHEMA',@level0name=N'dbo', @level1type=N'TABLE',@level1name=N'Categories', @level2type=N'COLUMN',@level2name=N'status'
GO
EXEC sys.sp_addextendedproperty @name=N'MS_Description', @value=N'1 is active, 0 is deactive' , @level0type=N'SCHEMA',@level0name=N'dbo', @level1type=N'TABLE',@level1name=N'Comments', @level2type=N'COLUMN',@level2name=N'status'
GO
EXEC sys.sp_addextendedproperty @name=N'MS_Description', @value=N'1 is active, 0 is deactive' , @level0type=N'SCHEMA',@level0name=N'dbo', @level1type=N'TABLE',@level1name=N'Customers', @level2type=N'COLUMN',@level2name=N'status'
GO
EXEC sys.sp_addextendedproperty @name=N'MS_Description', @value=N'1 is active, 0 is deactive' , @level0type=N'SCHEMA',@level0name=N'dbo', @level1type=N'TABLE',@level1name=N'News', @level2type=N'COLUMN',@level2name=N'status'
GO
EXEC sys.sp_addextendedproperty @name=N'MS_Description', @value=N'1 is active, 0 is deactive' , @level0type=N'SCHEMA',@level0name=N'dbo', @level1type=N'TABLE',@level1name=N'NewsGroups', @level2type=N'COLUMN',@level2name=N'status'
GO
EXEC sys.sp_addextendedproperty @name=N'MS_Description', @value=N'1 is active, 0 is deactive' , @level0type=N'SCHEMA',@level0name=N'dbo', @level1type=N'TABLE',@level1name=N'NewsImages', @level2type=N'COLUMN',@level2name=N'status'
GO
EXEC sys.sp_addextendedproperty @name=N'MS_Description', @value=N'1 is active, 0 is deactive' , @level0type=N'SCHEMA',@level0name=N'dbo', @level1type=N'TABLE',@level1name=N'OrderDetails', @level2type=N'COLUMN',@level2name=N'status'
GO
EXEC sys.sp_addextendedproperty @name=N'MS_Description', @value=N'0 is peding, 1 is accept, 2 is delivering, 3 is finish ' , @level0type=N'SCHEMA',@level0name=N'dbo', @level1type=N'TABLE',@level1name=N'Orders', @level2type=N'COLUMN',@level2name=N'state'
GO
EXEC sys.sp_addextendedproperty @name=N'MS_Description', @value=N'1 is active, 0 is deactive' , @level0type=N'SCHEMA',@level0name=N'dbo', @level1type=N'TABLE',@level1name=N'Orders', @level2type=N'COLUMN',@level2name=N'status'
GO
EXEC sys.sp_addextendedproperty @name=N'MS_Description', @value=N'1 is active, 0 is deactive' , @level0type=N'SCHEMA',@level0name=N'dbo', @level1type=N'TABLE',@level1name=N'ProductImages', @level2type=N'COLUMN',@level2name=N'status'
GO
EXEC sys.sp_addextendedproperty @name=N'MS_Description', @value=N'0 is sold out, 1 is available' , @level0type=N'SCHEMA',@level0name=N'dbo', @level1type=N'TABLE',@level1name=N'Products', @level2type=N'COLUMN',@level2name=N'out_of_stock'
GO
EXEC sys.sp_addextendedproperty @name=N'MS_Description', @value=N'1 is active, 0 is deactive' , @level0type=N'SCHEMA',@level0name=N'dbo', @level1type=N'TABLE',@level1name=N'Products', @level2type=N'COLUMN',@level2name=N'status'
GO
EXEC sys.sp_addextendedproperty @name=N'MS_Description', @value=N'1 is active, 0 is deactive' , @level0type=N'SCHEMA',@level0name=N'dbo', @level1type=N'TABLE',@level1name=N'ProductTags', @level2type=N'COLUMN',@level2name=N'status'
GO
EXEC sys.sp_addextendedproperty @name=N'MS_Description', @value=N'1 is active, 0 is deactive' , @level0type=N'SCHEMA',@level0name=N'dbo', @level1type=N'TABLE',@level1name=N'Users', @level2type=N'COLUMN',@level2name=N'status'
GO
USE [master]
GO
ALTER DATABASE [SanitationEquipment] SET  READ_WRITE 
GO
